pryid,indsct,orgtyp,apptyp,dvltyp,dvlplt,lngtyp,prglng1,fncsze,nwell1,smmwrkeff,maxteasze,dbms1,dvlmtd,loc,indsct2,conteo2ind,orgtyp2,conteo2org,apptyp2,conteo2app,dvlplt2,conteo2dvlplt
10003,Communication,Telecommunications,"Online. eSales",Enhancement,Multi,,,67,741,608,-1,,"Waterfall (incl Linear Processing & SSADM)",-1,Communication,189,Telecommunications,150,"Online. eSales",12,Multi,281
10019,Communication,Telecommunications,"Data Warehouse",Enhancement,Multi,3GL,Shell,98,324,266,-1,,"Waterfall (incl Linear Processing & SSADM)",-1,Communication,189,Telecommunications,150,"Data Warehouse",10,Multi,281
10104,,,,Enhancement,,4GL,Oracle,7,396,396,-1,,,-1,Communication,189,Telecommunications,150,"Financial transaction process/accounting",187,Multi,281
10267,Communication,Telecommunications,"Customer relationship management",Enhancement,,4GL,"Amdocs framework",107,1380,1137,-1,,"Waterfall (incl Linear Processing & SSADM)",-1,Communication,189,Telecommunications,150,"Customer relationship management",33,Multi,281
10388,"Service Industry","Citizens and the Municipalities","Stock control & order processing",Enhancement,Multi,4GL,ASP.Net,139,5062,5062,10,,,-1,"Service Industry",9,"Citizens and the Municipalities",1,"Stock control & order processing",8,Multi,281
10496,"Medical & Health Care","Medical and Health Care","not recorded",Enhancement,,,,47,2450,2450,36,,,-1,"Medical & Health Care",57,"Medical and Health Care",57,"Financial transaction process/accounting",187,Multi,281
10566,"Service Industry","Recreation & Personnel Services","Financial transaction process/accounting","New Development",MR,4GL,SQL,359,8580,8580,-1,Oracle,"Waterfall (incl Linear Processing & SSADM)",-1,"Service Industry",9,"Recreation & Personnel Services",1,"Financial transaction process/accounting",187,MR,18
10621,Banking,Banking,"Financial transaction process/accounting",Enhancement,MF,3GL,RPG,255,185,172,-1,RDB400,"Waterfall (incl Linear Processing & SSADM)",-1,Banking,19,Banking,19,"Financial transaction process/accounting",187,MF,78
10632,Communication,Telecommunications,"Customer relationship management",Enhancement,,,,185,1821,1672,-1,,"Waterfall (incl Linear Processing & SSADM)",-1,Communication,189,Telecommunications,150,"Customer relationship management",33,Multi,281
10649,,,,Enhancement,,4GL,Oracle,113,1847,1847,-1,,,-1,Communication,189,Telecommunications,150,"Financial transaction process/accounting",187,Multi,281
10667,Communication,Telecommunications,"Customer relationship management",Enhancement,,4GL,"Amdocs framework",56,119,98,-1,,"Waterfall (incl Linear Processing & SSADM)",-1,Communication,189,Telecommunications,150,"Customer relationship management",33,Multi,281
10750,"Medical & Health Care","Medical and Health Care","not recorded",Enhancement,,,,16,812,812,20,,,-1,"Medical & Health Care",57,"Medical and Health Care",57,"Financial transaction process/accounting",187,Multi,281
10896,Insurance,Insurance,,Enhancement,,,Mixed,95,194,178,-1,,"Waterfall (incl Linear Processing & SSADM)",-1,Insurance,53,Insurance,53,"Financial transaction process/accounting",187,Multi,281
10929,"Medical & Health Care","Medical and Health Care","not recorded",Enhancement,,,,40,3567,2818,33,,,-1,"Medical & Health Care",57,"Medical and Health Care",57,"Financial transaction process/accounting",187,Multi,281
10960,Communication,Telecommunications,Other,Enhancement,,3GL,Java,107,782,645,-1,,"Waterfall (incl Linear Processing & SSADM)",-1,Communication,189,Telecommunications,150,Other,3,Multi,281
10997,Banking,Banking,"Transaction/Production System","New Development",MF,3GL,COBOL,200,1935,1935,6,IMS,,-1,Banking,19,Banking,19,"Transaction/Production System",24,MF,78
11044,Banking,Banking,"Management Information System",Enhancement,MF,3GL,COBOL,170,2192,1973,-1,IMS,"Multifunctional Teams",-1,Banking,19,Banking,19,"Management Information System",9,MF,78
11055,"Service Industry","Wholesale & Retail TradeTransport & Storage","Financial transaction process/accounting",Enhancement,MR,3GL,C#,81,360,360,3,,,-1,"Service Industry",9,"Wholesale & Retail TradeTransport & Storage",1,"Financial transaction process/accounting",187,MR,18
11083,Government,Government,"Workflow support & management","New Development",Multi,4GL,ABAP,228,2877,2877,9,DB2,,-1,Government,27,Government,19,"Workflow support & management",5,Multi,281
11101,,,,Enhancement,,4GL,"Visual C++",78,336,336,5,,,8200,Communication,189,Telecommunications,150,"Financial transaction process/accounting",187,Multi,281
11113,Communication,Telecommunications,,Enhancement,MR,4GL,ColdFusion,579,2260,2057,4,"SQL Server",,-1,Communication,189,Telecommunications,150,"Financial transaction process/accounting",187,MR,18
11132,,,"Financial application area",Enhancement,Multi,3GL,Java,58,278,278,-1,Interactive,,-1,Communication,189,Telecommunications,150,"Financial application area",12,Multi,281
11251,Government,Government,"Customer billing/relationship management","New Development",Multi,3GL,C#,733,4544,4544,5,DB2,,-1,Government,27,Government,19,"Customer billing/relationship management",1,Multi,281
11339,,,,Enhancement,,,,156,901,748,-1,,,-1,Communication,189,Telecommunications,150,"Financial transaction process/accounting",187,Multi,281
11389,,,,"New Development",,,Groovy,630,5930,4756,-1,,"Agile Development",-1,Communication,189,Telecommunications,150,"Financial transaction process/accounting",187,Multi,281
11436,Banking,Banking,"Sales contact management","New Development",MR,3GL,C,599,9058,9058,-1,Oracle,"Waterfall (incl Linear Processing & SSADM)",-1,Banking,19,Banking,19,"Sales contact management",3,MR,18
11493,"Medical & Health Care","Medical and Health Care","not recorded",Enhancement,,,,10,1675,1675,47,,,-1,"Medical & Health Care",57,"Medical and Health Care",57,"Financial transaction process/accounting",187,Multi,281
11527,Communication,Telecommunications,"Data Warehouse",Enhancement,Multi,3GL,Shell,151,2810,2304,-1,,"Waterfall (incl Linear Processing & SSADM)",-1,Communication,189,Telecommunications,150,"Data Warehouse",10,Multi,281
11569,Communication,Telecommunications,"Financial transaction process/accounting",Enhancement,Multi,4GL,ABAP,64,2537,2080,-1,,"Waterfall (incl Linear Processing & SSADM)",-1,Communication,189,Telecommunications,150,"Financial transaction process/accounting",187,Multi,281
11714,Banking,Banking,"Transaction/Production System","New Development",MF,ApG,TELON,109,2212,2212,6,IMS,,-1,Banking,19,Banking,19,"Transaction/Production System",24,MF,78
11755,"Electronics & Computers","Computers & Software","Financial transaction process/accounting","New Development",PC,4GL,ABAP,62,2640,1980,-1,Oracle,"Waterfall (incl Linear Processing & SSADM)",-1,"Electronics & Computers",4,"Computers & Software",3,"Financial transaction process/accounting",187,PC,23
11763,Communication,Telecommunications,"Customer relationship management",Enhancement,Multi,3GL,PL/SQL,164,2501,2051,-1,,"Waterfall (incl Linear Processing & SSADM)",-1,Communication,189,Telecommunications,150,"Customer relationship management",33,Multi,281
11785,Communication,Telecommunications,"Data Warehouse",Enhancement,Multi,3GL,Shell,362,3376,2768,-1,,"Waterfall (incl Linear Processing & SSADM)",-1,Communication,189,Telecommunications,150,"Data Warehouse",10,Multi,281
11993,Communication,Telecommunications,"Other: Integration",Enhancement,,,,64,1047,961,-1,,"Waterfall (incl Linear Processing & SSADM)",-1,Communication,189,Telecommunications,150,"Other: Integration",2,Multi,281
12019,"Medical & Health Care","Medical and Health Care","not recorded",Enhancement,,,,22,1236,1125,26,,,-1,"Medical & Health Care",57,"Medical and Health Care",57,"Financial transaction process/accounting",187,Multi,281
12038,Communication,Communications,"relatively complex application",Enhancement,MF,3GL,,19,136,136,-1,Batch,"Waterfall (incl Linear Processing & SSADM)",-1,Communication,189,Communications,34,"relatively complex application",13,MF,78
12060,"Wholesale & Retail","Wholesale & Retail Trade","Inventory Management","New Development",PC,4GL,DELPHI,1083,2042,2042,2,,"Rapid Application Development (RAD)",-1,"Wholesale & Retail",5,"Wholesale & Retail Trade",1,"Inventory Management",1,PC,23
12082,Manufacturing,Manufacturing,"Financial transaction process/accounting","New Development",MF,4GL,EASYTRIEVE,782,2519,2343,-1,DATACOM,"Waterfall (incl Linear Processing & SSADM)",-1,Manufacturing,12,Manufacturing,8,"Financial transaction process/accounting",187,MF,78
12097,Communication,Telecommunications,"Online. eSales",Enhancement,Multi,,,54,878,720,-1,,"Waterfall (incl Linear Processing & SSADM)",-1,Communication,189,Telecommunications,150,"Online. eSales",12,Multi,281
12146,"Service Industry","GovernmentCommunity Services","Logistic or supply planning & controlManagement or performance reportingPersonal productivity (e.g. spreadsheet)Workflow support & management",Enhancement,Multi,4GL,PowerBuilder,696,6023,6023,10,Oracle,,-1,"Service Industry",9,"GovernmentCommunity Services",3,"Logistic or supply planning & controlManagement or performance reportingPersonal productivity (e.g. spreadsheet)Workflow support & management",1,Multi,281
12152,"Medical & Health Care","Medical and Health Care","not recorded",Enhancement,,,,27,1075,1075,20,,,-1,"Medical & Health Care",57,"Medical and Health Care",57,"Financial transaction process/accounting",187,Multi,281
12153,"Electronics & Computers","Computers & Software","Call Center Management","New Development",PC,4GL,DELPHI,24,40,41,1,,"Rapid Application Development (RAD)",-1,"Electronics & Computers",4,"Computers & Software",3,"Call Center Management",1,PC,23
12174,Communication,Communications,"Decision Support System","New Development",PC,3GL,"Visual Basic",181,1824,1514,5,Oracle,"Rapid Application Development (RAD)",-1,Communication,189,Communications,34,"Decision Support System",2,PC,23
12175,,,"Financial application area",Enhancement,Multi,3GL,Java,176,1214,1214,-1,Interactive,,-1,Communication,189,Telecommunications,150,"Financial application area",12,Multi,281
12181,"Medical & Health Care","Medical and Health Care","not recorded",Enhancement,,,,6,1299,1299,32,,,-1,"Medical & Health Care",57,"Medical and Health Care",57,"Financial transaction process/accounting",187,Multi,281
12202,Manufacturing,Manufacturing,"Stock control & order processing",Enhancement,Multi,3GL,C,116,1512,1512,-1,Oracle,"Waterfall (incl Linear Processing & SSADM)",-1,Manufacturing,12,Manufacturing,8,"Stock control & order processing",8,Multi,281
12204,Construction,Construction,"Financial transaction process/accounting","New Development",Multi,3GL,"Visual Basic",703,2511,2335,-1,"Oracle 7.3.3","Waterfall (incl Linear Processing & SSADM)",-1,Construction,1,Construction,1,"Financial transaction process/accounting",187,Multi,281
12305,Communication,Telecommunications,"Online. eSales",Enhancement,Multi,,,100,1146,940,-1,,"Waterfall (incl Linear Processing & SSADM)",-1,Communication,189,Telecommunications,150,"Online. eSales",12,Multi,281
12344,Communication,Telecommunications,Integration,Enhancement,Multi,3GL,TIBCO,126,3141,2576,-1,,"Waterfall (incl Linear Processing & SSADM)",-1,Communication,189,Telecommunications,150,Integration,5,Multi,281
12365,Communication,Communications,"Management Information System",Enhancement,MR,4GL,Oracle,322,973,973,5,Oracle,,-1,Communication,189,Communications,34,"Management Information System",9,MR,18
12377,Financial,"Financial, Property & Business Services","Financial transaction process/accounting",Enhancement,MF,3GL,PL/I,14,179,167,-1,DB2,"Waterfall (incl Linear Processing & SSADM)",-1,Financial,18,"Financial, Property & Business Services",17,"Financial transaction process/accounting",187,MF,78
12410,Communication,Communications,"Transaction/Production System",Enhancement,MR,4GL,SQL,173,2890,2399,10,Oracle,,-1,Communication,189,Communications,34,"Transaction/Production System",24,MR,18
12529,Financial,"Financial, Property & Business Services","Financial transaction process/accounting",Enhancement,MF,4GL,Oracle,103,673,673,-1,Interactive,,-1,Financial,18,"Financial, Property & Business Services",17,"Financial transaction process/accounting",187,MF,78
12573,Manufacturing,Manufacturing,"Management system","New Development",PC,3GL,PL/SQL,1216,2228,1671,-1,Oracle,"Waterfall (incl Linear Processing & SSADM)",-1,Manufacturing,12,Manufacturing,8,"Management system",2,PC,23
12667,Banking,Banking,"Financial transaction process/accounting",Enhancement,MR,3GL,C++,1307,6600,6600,-1,HIRDB,"Waterfall (incl Linear Processing & SSADM)",-1,Banking,19,Banking,19,"Financial transaction process/accounting",187,MR,18
12684,Communication,Telecommunications,"Workflow support & management",Enhancement,Multi,,,66,621,509,-1,,"Waterfall (incl Linear Processing & SSADM)",-1,Communication,189,Telecommunications,150,"Workflow support & management",5,Multi,281
12712,"Medical & Health Care","Medical and Health Care","not recorded",Enhancement,,,,86,6113,6113,69,,,-1,"Medical & Health Care",57,"Medical and Health Care",57,"Financial transaction process/accounting",187,Multi,281
12728,,,,Enhancement,,,,641,508,472,2,,,-1,Communication,189,Telecommunications,150,"Financial transaction process/accounting",187,Multi,281
12888,Communication,Telecommunications,"Data Warehouse",Enhancement,,3GL,PL/SQL,186,880,808,-1,,"Waterfall (incl Linear Processing & SSADM)",-1,Communication,189,Telecommunications,150,"Data Warehouse",10,Multi,281
13137,Communication,Telecommunications,"Workflow support & management",Enhancement,Multi,3GL,Java,193,5332,4372,-1,,"Waterfall (incl Linear Processing & SSADM)",-1,Communication,189,Telecommunications,150,"Workflow support & management",5,Multi,281
13169,,,,"New Development",,,,1433,3838,3838,13,,,-1,Communication,189,Telecommunications,150,"Financial transaction process/accounting",187,Multi,281
13217,,,,"New Development",,3GL,JavaScript,1198,33206,33206,-1,Interactive,,-1,Communication,189,Telecommunications,150,"Financial transaction process/accounting",187,Multi,281
13246,Insurance,Insurance,"Financial transaction process/accounting",Enhancement,MF,3GL,COBOL,227,2700,2700,-1,IMS,"Waterfall (incl Linear Processing & SSADM)",-1,Insurance,53,Insurance,53,"Financial transaction process/accounting",187,MF,78
13273,"Medical & Health Care","Medical and Health Care","not recorded",Enhancement,,,,54,11565,11565,86,,,-1,"Medical & Health Care",57,"Medical and Health Care",57,"Financial transaction process/accounting",187,Multi,281
13303,Insurance,Insurance,"Financial transaction process/accounting","New Development",Multi,3GL,"Visual Basic",92,3889,3889,-1,No,"Waterfall (incl Linear Processing & SSADM)",-1,Insurance,53,Insurance,53,"Financial transaction process/accounting",187,Multi,281
13367,Communication,"Voice Provisioning","Voice Provisioning",Enhancement,,3GL,C++,88,5242,5242,-1,,,-1,Communication,189,"Voice Provisioning",1,"Voice Provisioning",1,Multi,281
13403,Communication,Communications,"Telecom Data Circuits",Enhancement,MF,3GL,C++,184,1830,1830,6,Oracle,,-1,Communication,189,Communications,34,"Telecom Data Circuits",1,MF,78
13597,"Service Industry","Food Processing","Financial transaction process/accounting","New Development",MR,,APPS,1220,7634,7100,-1,"Oracle 8","Waterfall (incl Linear Processing & SSADM)",-1,"Service Industry",9,"Food Processing",1,"Financial transaction process/accounting",187,MR,18
13652,Communication,Telecommunications,"Customer relationship management",Enhancement,,4GL,"Amdocs framework",77,1402,1156,-1,,"Waterfall (incl Linear Processing & SSADM)",-1,Communication,189,Telecommunications,150,"Customer relationship management",33,Multi,281
13680,Financial,"Financial, Property & Business Services","Financial transaction process/accounting",Enhancement,MF,3GL,C,89,983,983,-1,Interactive,,-1,Financial,18,"Financial, Property & Business Services",17,"Financial transaction process/accounting",187,MF,78
13712,,,,Enhancement,,,,39,823,823,3,,,-1,Communication,189,Telecommunications,150,"Financial transaction process/accounting",187,Multi,281
13795,,,,Enhancement,,4GL,Oracle,63,865,865,-1,,,-1,Communication,189,Telecommunications,150,"Financial transaction process/accounting",187,Multi,281
13884,,,,Enhancement,,,,26,184,136,2,,,-1,Communication,189,Telecommunications,150,"Financial transaction process/accounting",187,Multi,281
13896,"Service Industry","Community Services","Document management",Enhancement,PC,3GL,PL/SQL,50,1136,1136,-1,"Oracle 8.1.6","Waterfall (incl Linear Processing & SSADM)",-1,"Service Industry",9,"Community Services",1,"Document management",2,PC,23
13915,Communication,Telecommunications,"Customer relationship management",Enhancement,,3GL,Java,123,723,664,-1,,"Waterfall (incl Linear Processing & SSADM)",-1,Communication,189,Telecommunications,150,"Customer relationship management",33,Multi,281
13981,Insurance,Insurance,"Sales promotion tool","New Development",PC,3GL,"Visual Basic",895,4998,4648,-1,"SQL Server","Waterfall (incl Linear Processing & SSADM)",-1,Insurance,53,Insurance,53,"Sales promotion tool",1,PC,23
14078,Communication,Telecommunications,"Customer relationship management",Enhancement,Multi,,,53,506,415,-1,,"Waterfall (incl Linear Processing & SSADM)",-1,Communication,189,Telecommunications,150,"Customer relationship management",33,Multi,281
14091,Communication,Telecommunications,"Customer relationship management",Enhancement,,4GL,"Amdocs framework",52,767,632,-1,,"Waterfall (incl Linear Processing & SSADM)",-1,Communication,189,Telecommunications,150,"Customer relationship management",33,Multi,281
14157,Insurance,Insurance,"Financial transaction process/accounting","New Development",PC,3GL,COBOL,396,8228,7652,-1,No,"Waterfall (incl Linear Processing & SSADM)",-1,Insurance,53,Insurance,53,"Financial transaction process/accounting",187,PC,23
14228,Communication,Communications,"Transaction/Production System",Enhancement,,3GL,COBOL,81,129,129,2,,,-1,Communication,189,Communications,34,"Transaction/Production System",24,Multi,281
14257,Utilities,"Electricity, Gas, Water",Reconciliation,"New Development",MF,3GL,PL/I,100,440,440,1,IMS,,-1,Utilities,3,"Electricity, Gas, Water",2,Reconciliation,1,MF,78
14289,Government,"GovernmentDanish citizens","Catalogue/register of things or eventsProcessing application for public subsidies",Enhancement,Multi,3GL,C#,154,2009,2009,7,No,"Unified Process",-1,Government,27,"GovernmentDanish citizens",1,"Catalogue/register of things or eventsProcessing application for public subsidies",1,Multi,281
14374,Banking,Banking,"Financial transaction process/accounting","New Development",MF,3GL,PL/I,192,4386,4386,-1,DB2,"Waterfall (incl Linear Processing & SSADM)",-1,Banking,19,Banking,19,"Financial transaction process/accounting",187,MF,78
14410,Government,Government,"Management of Licences and Permits",Enhancement,MF,ApG,COOL:Gen,272,3347,3347,-1,,,-1,Government,27,Government,19,"Management of Licences and Permits",8,MF,78
14422,,,,"New Development",,3GL,Java,2043,23271,22014,-1,,"Waterfall (incl Linear Processing & SSADM)",-1,Communication,189,Telecommunications,150,"Financial transaction process/accounting",187,Multi,281
14439,Government,Government,"Management of Licences and Permits",Enhancement,MF,ApG,COOL:Gen,57,1810,1810,-1,,,-1,Government,27,Government,19,"Management of Licences and Permits",8,MF,78
14466,Insurance,Insurance,Unknown,Enhancement,,4GL,NATURAL,84,867,711,-1,,"Waterfall (incl Linear Processing & SSADM)",-1,Insurance,53,Insurance,53,"Financial transaction process/accounting",187,Multi,281
14483,Communication,Telecommunications,"Customer relationship management",Enhancement,Multi,3GL,PL/SQL,67,995,816,-1,,"Waterfall (incl Linear Processing & SSADM)",-1,Communication,189,Telecommunications,150,"Customer relationship management",33,Multi,281
14494,"Medical & Health Care","Medical and Health Care","not recorded",Enhancement,,,,18,1672,1672,52,,,-1,"Medical & Health Care",57,"Medical and Health Care",57,"Financial transaction process/accounting",187,Multi,281
14544,"Medical & Health Care","Medical and Health Care","not recorded",Enhancement,,,,4,1330,1064,20,,,-1,"Medical & Health Care",57,"Medical and Health Care",57,"Financial transaction process/accounting",187,Multi,281
14712,Insurance,Insurance,"Financial transaction process/accounting",Enhancement,Multi,3GL,"Visual Basic",385,7352,7352,-1,ISAM,"Waterfall (incl Linear Processing & SSADM)",-1,Insurance,53,Insurance,53,"Financial transaction process/accounting",187,Multi,281
14715,Communication,Telecommunications,"Online. eSales",Enhancement,Multi,,,62,790,648,-1,,"Waterfall (incl Linear Processing & SSADM)",-1,Communication,189,Telecommunications,150,"Online. eSales",12,Multi,281
14758,Insurance,Insurance,"Financial transaction process/accounting",Enhancement,Multi,3GL,"Visual Basic",97,3862,3592,-1,DB2/400,"Waterfall (incl Linear Processing & SSADM)",-1,Insurance,53,Insurance,53,"Financial transaction process/accounting",187,Multi,281
14764,Banking,Banking,"Management Information System",Enhancement,MF,3GL,COBOL,57,1179,1179,-1,IMS,,-1,Banking,19,Banking,19,"Management Information System",9,MF,78
14780,Communication,Telecommunications,"Geographic Information System",Enhancement,Multi,,,108,671,550,-1,,"Waterfall (incl Linear Processing & SSADM)",-1,Communication,189,Telecommunications,150,"Geographic Information System",1,Multi,281
14879,Communication,Communications,"relatively complex application",Enhancement,MF,3GL,,271,3303,3303,-1,Interactive,"Waterfall (incl Linear Processing & SSADM)",-1,Communication,189,Communications,34,"relatively complex application",13,MF,78
14892,Communication,Telecommunications,"Customer relationship management",Enhancement,,3GL,Java,195,2170,1992,-1,,"Waterfall (incl Linear Processing & SSADM)",-1,Communication,189,Telecommunications,150,"Customer relationship management",33,Multi,281
14959,Communication,Telecommunications,"Customer relationship management",Enhancement,,4GL,"Amdocs framework",59,811,668,-1,,"Waterfall (incl Linear Processing & SSADM)",-1,Communication,189,Telecommunications,150,"Customer relationship management",33,Multi,281
14968,"Medical & Health Care","Medical and Health Care","not recorded",Enhancement,,,,21,141,120,7,,,-1,"Medical & Health Care",57,"Medical and Health Care",57,"Financial transaction process/accounting",187,Multi,281
14972,Insurance,Insurance,"Sales contact management","New Development",MF,3GL,COBOL,236,7704,5778,-1,IMS,"Waterfall (incl Linear Processing & SSADM)",-1,Insurance,53,Insurance,53,"Sales contact management",3,MF,78
15008,,,"Financial application area","New Development",Multi,3GL,Java,116,626,626,-1,Interactive,,-1,Communication,189,Telecommunications,150,"Financial application area",12,Multi,281
15009,Communication,Communications,"relatively complex application",Enhancement,Multi,3GL,,14,434,434,-1,Interactive,"Waterfall (incl Linear Processing & SSADM)",-1,Communication,189,Communications,34,"relatively complex application",13,Multi,281
15047,Financial,"Financial, Property & Business Services","Financial transaction process/accounting",Enhancement,MF,4GL,PowerBuilder,60,304,304,-1,Interactive,,-1,Financial,18,"Financial, Property & Business Services",17,"Financial transaction process/accounting",187,MF,78
15123,Insurance,Insurance,"Financial transaction process/accounting","New Development",MR,3GL,Java,775,5592,5200,-1,DB2,"Waterfall (incl Linear Processing & SSADM)",-1,Insurance,53,Insurance,53,"Financial transaction process/accounting",187,MR,18
15149,Communication,Telecommunications,"Customer relationship management",Enhancement,Multi,3GL,Java,167,473,388,-1,,"Waterfall (incl Linear Processing & SSADM)",-1,Communication,189,Telecommunications,150,"Customer relationship management",33,Multi,281
15197,Government,Government,"Job, case, incident, project management",Re-development,PC,3GL,C#,253,12601,11719,13,DB2,,-1,Government,27,Government,19,"Job, case, incident, project management",2,PC,23
15211,Insurance,Insurance,Unknown,Enhancement,,3GL,Java,146,1770,1451,-1,,"Waterfall (incl Linear Processing & SSADM)",-1,Insurance,53,Insurance,53,"Financial transaction process/accounting",187,Multi,281
15240,Banking,Banking,"Management system","New Development",MF,3GL,PL/I,228,8631,8027,-1,DB2,"Waterfall (incl Linear Processing & SSADM)",-1,Banking,19,Banking,19,"Management system",2,MF,78
15351,Communication,Communications,"Telecom & network management",Enhancement,,3GL,C,468,10498,8713,28,,,-1,Communication,189,Communications,34,"Telecom & network management",2,Multi,281
15371,Communication,Communications,"relatively complex application",Enhancement,Multi,3GL,,372,8604,8604,-1,Interactive,"Waterfall (incl Linear Processing & SSADM)",-1,Communication,189,Communications,34,"relatively complex application",13,Multi,281
15402,,,,"New Development",,3GL,"Visual Basic",224,2444,2444,-1,,,33500,Communication,189,Telecommunications,150,"Financial transaction process/accounting",187,Multi,281
15409,Insurance,Insurance,Unknown,Enhancement,,,,132,418,343,-1,,"Waterfall (incl Linear Processing & SSADM)",-1,Insurance,53,Insurance,53,"Financial transaction process/accounting",187,Multi,281
15436,,,,"New Development",,4GL,.Net,95,474,380,-1,,"Waterfall (incl Linear Processing & SSADM)",-1,Communication,189,Telecommunications,150,"Financial transaction process/accounting",187,Multi,281
15489,Communication,Telecommunications,Integration,Enhancement,,3GL,TIBCO,72,3407,2794,-1,,"Waterfall (incl Linear Processing & SSADM)",-1,Communication,189,Telecommunications,150,Integration,5,Multi,281
15561,Financial,"Financial, Property & Business Services","Financial transaction process/accounting",Enhancement,MF,3GL,"Shell, C",112,1597,1597,-1,Interactive,,-1,Financial,18,"Financial, Property & Business Services",17,"Financial transaction process/accounting",187,MF,78
15593,Communication,Telecommunications,"Content Management",Enhancement,,3GL,Java,163,2064,1701,-1,,"Waterfall (incl Linear Processing & SSADM)",-1,Communication,189,Telecommunications,150,"Content Management",1,Multi,281
15622,"Medical & Health Care","Medical and Health Care","not recorded",Enhancement,,,,114,15480,15480,91,,,-1,"Medical & Health Care",57,"Medical and Health Care",57,"Financial transaction process/accounting",187,Multi,281
15670,Insurance,Insurance,,Enhancement,,3GL,PL/SQL,56,90,83,-1,,"Waterfall (incl Linear Processing & SSADM)",-1,Insurance,53,Insurance,53,"Financial transaction process/accounting",187,Multi,281
15689,Communication,Telecommunications,"Customer relationship management",Enhancement,,4GL,"Amdocs framework",135,2184,1800,-1,,"Waterfall (incl Linear Processing & SSADM)",-1,Communication,189,Telecommunications,150,"Customer relationship management",33,Multi,281
15724,Communication,Telecommunications,"Online. eSales",Enhancement,Multi,,,77,488,400,-1,,"Waterfall (incl Linear Processing & SSADM)",-1,Communication,189,Telecommunications,150,"Online. eSales",12,Multi,281
15732,Communication,Telecommunications,"Customer relationship management",Enhancement,,3GL,Java,212,2849,2616,-1,,"Waterfall (incl Linear Processing & SSADM)",-1,Communication,189,Telecommunications,150,"Customer relationship management",33,Multi,281
15733,"Medical & Health Care","Medical and Health Care","not recorded",Enhancement,,,,87,4820,4820,21,,,-1,"Medical & Health Care",57,"Medical and Health Care",57,"Financial transaction process/accounting",187,Multi,281
15745,,,,Enhancement,,,,76,37,37,-1,,,-1,Communication,189,Telecommunications,150,"Financial transaction process/accounting",187,Multi,281
15823,Government,Government,"Management of Licences and Permits",Enhancement,MF,ApG,COOL:Gen,251,4093,3725,-1,,,-1,Government,27,Government,19,"Management of Licences and Permits",8,MF,78
15850,"Medical & Health Care","Medical and Health Care","not recorded",Enhancement,,,,4,494,395,9,,,-1,"Medical & Health Care",57,"Medical and Health Care",57,"Financial transaction process/accounting",187,Multi,281
15947,"Medical & Health Care","Medical and Health Care","not recorded",Enhancement,,,,7,1466,953,7,,,-1,"Medical & Health Care",57,"Medical and Health Care",57,"Financial transaction process/accounting",187,Multi,281
16165,Government,Government,"Management of Licences and Permits",Enhancement,MF,ApG,COOL:Gen,155,3864,3516,-1,,,-1,Government,27,Government,19,"Management of Licences and Permits",8,MF,78
16185,Financial,"Financial, Property & Business Services","Financial transaction process/accounting",Enhancement,MF,4GL,Oracle,89,2823,2823,-1,Interactive,,-1,Financial,18,"Financial, Property & Business Services",17,"Financial transaction process/accounting",187,MF,78
16190,Government,Government,"Management of Licences and Permits",Enhancement,MF,ApG,COOL:Gen,53,927,686,-1,,,-1,Government,27,Government,19,"Management of Licences and Permits",8,MF,78
16191,Communication,Telecommunications,"Online. eSales",Enhancement,Multi,,,105,2020,1656,-1,,"Waterfall (incl Linear Processing & SSADM)",-1,Communication,189,Telecommunications,150,"Online. eSales",12,Multi,281
16196,Government,"Public AdministrationCommunity ServicesInsurance","Transaction/Production System","New Development",MF,3GL,COBOL,57,623,623,4,DB2,,-1,Government,27,"Public AdministrationCommunity ServicesInsurance",3,"Transaction/Production System",24,MF,78
16232,,,,"New Development",,,,759,1100,110,-1,,,-1,Communication,189,Telecommunications,150,"Financial transaction process/accounting",187,Multi,281
16330,Insurance,Insurance,,Enhancement,,,Mixed,56,138,127,-1,,"Waterfall (incl Linear Processing & SSADM)",-1,Insurance,53,Insurance,53,"Financial transaction process/accounting",187,Multi,281
16431,"Medical & Health Care","Medical and Health Care","not recorded",Enhancement,,,,72,9957,9957,60,,,-1,"Medical & Health Care",57,"Medical and Health Care",57,"Financial transaction process/accounting",187,Multi,281
16439,"Medical & Health Care","Medical and Health Care","not recorded",Enhancement,,,,10,2188,2188,39,,,-1,"Medical & Health Care",57,"Medical and Health Care",57,"Financial transaction process/accounting",187,Multi,281
16466,"Service Industry","GovernmentCommunity Services","Management or performance reportingComplex process control",Enhancement,PC,3GL,"Visual Basic",245,1149,1149,5,"MS SQL",,-1,"Service Industry",9,"GovernmentCommunity Services",3,"Management or performance reportingComplex process control",1,PC,23
16467,,,,"New Development",,4GL,SQL,693,12510,12510,9,,,146000,Communication,189,Telecommunications,150,"Financial transaction process/accounting",187,Multi,281
16525,,Maintenance,Maintenance,Enhancement,MF,3GL,C++,283,13716,13716,-1,,,-1,Communication,189,Maintenance,2,Maintenance,2,MF,78
16534,Communication,Telecommunications,"Online. eSales",Enhancement,Multi,,,107,2332,1912,-1,,"Waterfall (incl Linear Processing & SSADM)",-1,Communication,189,Telecommunications,150,"Online. eSales",12,Multi,281
16645,Communication,Communications,"Transaction/Production System",Enhancement,MR,4GL,Oracle,222,2007,1666,6,Oracle,,-1,Communication,189,Communications,34,"Transaction/Production System",24,MR,18
16682,Financial,"GovernmentFinancial, Property & Business Services","Financial transaction process/accounting",Enhancement,Multi,4GL,SQL,169,778,778,3,SQL,,-1,Financial,18,"GovernmentFinancial, Property & Business Services",1,"Financial transaction process/accounting",187,Multi,281
16685,Financial,"Financial, Property & Business Services","Office Automation System",Enhancement,PC,3GL,C++,1317,13353,13353,-1,Oracle,"Joint Application Development (JAD)",-1,Financial,18,"Financial, Property & Business Services",17,"Office Automation System",1,PC,23
16701,Banking,Banking,"Financial transaction process/accounting",Enhancement,MF,3GL,PL/I,30,1037,965,-1,IMS,"Waterfall (incl Linear Processing & SSADM)",-1,Banking,19,Banking,19,"Financial transaction process/accounting",187,MF,78
16766,Communication,Communications,"relatively complex application",Enhancement,Multi,3GL,,57,727,727,-1,Interactive,"Waterfall (incl Linear Processing & SSADM)",-1,Communication,189,Communications,34,"relatively complex application",13,Multi,281
16771,"Wholesale & Retail",Billing,Billing,Enhancement,,3GL,C++,137,7862,7862,-1,Oracle,,-1,"Wholesale & Retail",5,Billing,1,Billing,1,Multi,281
16819,Insurance,Insurance,Unknown,Enhancement,,,,121,945,775,-1,,"Waterfall (incl Linear Processing & SSADM)",-1,Insurance,53,Insurance,53,"Financial transaction process/accounting",187,Multi,281
16843,Communication,Telecommunications,"Data or database management",Enhancement,,,Unknown,333,2175,1792,-1,,"Waterfall (incl Linear Processing & SSADM)",-1,Communication,189,Telecommunications,150,"Data or database management",2,Multi,281
16875,Government,GovernmentDefence,Reporting,Enhancement,MF,3GL,COBOL,37,774,774,-1,,,-1,Government,27,GovernmentDefence,2,Reporting,2,MF,78
16886,,,"Financial application area","New Development",Multi,3GL,Java,88,440,440,-1,Interactive,,-1,Communication,189,Telecommunications,150,"Financial application area",12,Multi,281
16889,Manufacturing,Manufacturing,,"New Development",PC,3GL,Java,177,1946,1946,7,Oracle,,-1,Manufacturing,12,Manufacturing,8,"Financial transaction process/accounting",187,PC,23
16932,Communication,Telecommunications,"Customer relationship management",Enhancement,Multi,3GL,Java,188,1298,1064,-1,,"Waterfall (incl Linear Processing & SSADM)",-1,Communication,189,Telecommunications,150,"Customer relationship management",33,Multi,281
16963,Communication,Telecommunications,"Customer relationship management",Enhancement,Multi,3GL,"Visual Basic",87,1280,1050,-1,,"Waterfall (incl Linear Processing & SSADM)",-1,Communication,189,Telecommunications,150,"Customer relationship management",33,Multi,281
16997,Insurance,Insurance,"Financial transaction process/accounting",Enhancement,MF,3GL,COBOL,151,3540,2655,-1,IMS,"Waterfall (incl Linear Processing & SSADM)",-1,Insurance,53,Insurance,53,"Financial transaction process/accounting",187,MF,78
17078,Communication,Telecommunications,"Data Warehouse",Enhancement,Multi,3GL,Shell,100,1093,896,-1,,"Waterfall (incl Linear Processing & SSADM)",-1,Communication,189,Telecommunications,150,"Data Warehouse",10,Multi,281
17117,Insurance,Insurance,Unknown,Enhancement,,4GL,NATURAL,86,273,224,-1,,"Waterfall (incl Linear Processing & SSADM)",-1,Insurance,53,Insurance,53,"Financial transaction process/accounting",187,Multi,281
17172,Insurance,Insurance,,Enhancement,,4GL,"Visual Fox",138,1240,1138,-1,,"Waterfall (incl Linear Processing & SSADM)",-1,Insurance,53,Insurance,53,"Financial transaction process/accounting",187,Multi,281
17184,Government,Government,"Management or performance reporting",Enhancement,Multi,3GL,C#,331,3806,3806,9,DB2,,-1,Government,27,Government,19,"Management or performance reporting",3,Multi,281
17222,Insurance,Insurance,Unknown,Enhancement,,,,50,159,130,-1,,"Waterfall (incl Linear Processing & SSADM)",-1,Insurance,53,Insurance,53,"Financial transaction process/accounting",187,Multi,281
17246,,,,Enhancement,MF,3GL,COBOL,27,993,993,-1,,,-1,Communication,189,Telecommunications,150,"Financial transaction process/accounting",187,MF,78
17279,Communication,Telecommunications,"Other: Online. eSales",Enhancement,,4GL,"html / jsp",70,847,698,-1,,"Waterfall (incl Linear Processing & SSADM)",-1,Communication,189,Telecommunications,150,"Other: Online. eSales",1,Multi,281
17287,,Local,Local,Enhancement,,3GL,COBOL,154,4251,4251,-1,Oracle,,-1,Communication,189,Local,2,Local,1,Multi,281
17308,"Medical & Health Care","Medical and Health Care","not recorded",Enhancement,,,,4,380,346,10,,,-1,"Medical & Health Care",57,"Medical and Health Care",57,"Financial transaction process/accounting",187,Multi,281
17429,"Medical & Health Care","Medical and Health Care","not recorded",Enhancement,,,,19,3722,3722,70,,,-1,"Medical & Health Care",57,"Medical and Health Care",57,"Financial transaction process/accounting",187,Multi,281
17455,,,,Enhancement,,3GL,Java,366,7359,7359,-1,,,-1,Communication,189,Telecommunications,150,"Financial transaction process/accounting",187,Multi,281
17498,Communication,Communications,,Enhancement,,,,49,966,802,2,,,-1,Communication,189,Communications,34,"Financial transaction process/accounting",187,Multi,281
17584,"Medical & Health Care","Medical and Health Care","not recorded",Enhancement,,,,25,302,275,14,,,-1,"Medical & Health Care",57,"Medical and Health Care",57,"Financial transaction process/accounting",187,Multi,281
17594,"Service Industry","Transport & Storage","Logistic or supply planning & control",Enhancement,Multi,4GL,SQL,497,2208,2208,-1,Oracle,"Waterfall (incl Linear Processing & SSADM)",-1,"Service Industry",9,"Transport & Storage",1,"Logistic or supply planning & control",2,Multi,281
17603,"Medical & Health Care","Medical and Health Care","not recorded",Enhancement,,,,12,1056,380,14,,,-1,"Medical & Health Care",57,"Medical and Health Care",57,"Financial transaction process/accounting",187,Multi,281
17639,Communication,Communications,"Transaction/Production System",Enhancement,MR,4GL,Oracle,115,2802,2326,9,Oracle,,-1,Communication,189,Communications,34,"Transaction/Production System",24,MR,18
17663,Communication,Communications,"Transaction/Production System",Enhancement,,3GL,COBOL,763,4272,3546,8,,,-1,Communication,189,Communications,34,"Transaction/Production System",24,Multi,281
17743,Banking,Banking,"Management Information System",Enhancement,MF,3GL,COBOL,73,1404,1404,-1,IMS,"Multifunctional Teams",-1,Banking,19,Banking,19,"Management Information System",9,MF,78
17758,,,,Enhancement,,3GL,C++,144,426,426,4,,,-1,Communication,189,Telecommunications,150,"Financial transaction process/accounting",187,Multi,281
17872,Mining,"Oil & Petroleum","Complex process control",Enhancement,MF,3GL,COBOL,467,1950,1950,-1,DB2,"Waterfall (incl Linear Processing & SSADM)",-1,Mining,2,"Oil & Petroleum",2,"Complex process control",2,MF,78
17903,Manufacturing,Chemicals,"Information systems",Enhancement,MF,3GL,Java,1557,6525,6525,-1,"Oracle 8.1.6","Waterfall (incl Linear Processing & SSADM)",-1,Manufacturing,12,Chemicals,2,"Information systems",1,MF,78
17990,"Medical & Health Care","Medical and Health Care","not recorded",Enhancement,,,,85,29478,29478,138,,,-1,"Medical & Health Care",57,"Medical and Health Care",57,"Financial transaction process/accounting",187,Multi,281
17995,Communication,Telecommunications,"Other: Integration",Enhancement,,,,100,1502,1379,-1,,"Waterfall (incl Linear Processing & SSADM)",-1,Communication,189,Telecommunications,150,"Other: Integration",2,Multi,281
18012,Insurance,Insurance,,Enhancement,,,Mixed,93,302,277,-1,,"Waterfall (incl Linear Processing & SSADM)",-1,Insurance,53,Insurance,53,"Financial transaction process/accounting",187,Multi,281
18015,,,,Enhancement,,3GL,LISP,66,406,406,4,,,5000,Communication,189,Telecommunications,150,"Financial transaction process/accounting",187,Multi,281
18044,,,,Enhancement,,3GL,Java,425,1625,1285,-1,,"Waterfall (incl Linear Processing & SSADM)",-1,Communication,189,Telecommunications,150,"Financial transaction process/accounting",187,Multi,281
18088,Insurance,Insurance,"Workplace Savings",Enhancement,Multi,3GL,Java,337,8332,8332,20,DB2,"Multifunctional TeamsWaterfall (incl Linear Processing & SSADM)",-1,Insurance,53,Insurance,53,"Workplace Savings",1,Multi,281
18119,Government,Government,IdM,Enhancement,Multi,3GL,C#,109,2715,2715,5,,"Agile Development",-1,Government,27,Government,19,IdM,1,Multi,281
18310,Insurance,Insurance,Unknown,Enhancement,,,,58,83,68,-1,,"Waterfall (incl Linear Processing & SSADM)",-1,Insurance,53,Insurance,53,"Financial transaction process/accounting",187,Multi,281
18346,"Medical & Health Care","Medical and Health Care","not recorded",Enhancement,,,,25,1008,857,15,,,-1,"Medical & Health Care",57,"Medical and Health Care",57,"Financial transaction process/accounting",187,Multi,281
18361,Government,Government,"Management of Licences and Permits",Enhancement,Multi,3GL,Java,8,1096,855,-1,,,-1,Government,27,Government,19,"Management of Licences and Permits",8,Multi,281
18387,Financial,"Financial, Property & Business Services","Transaction/Production System","New Development",PC,3GL,TIBCO,106,17050,17050,-1,,"Joint Application Development (JAD)",-1,Financial,18,"Financial, Property & Business Services",17,"Transaction/Production System",24,PC,23
18410,,,,Enhancement,,3GL,COBOL,103,4496,4496,-1,,,-1,Communication,189,Telecommunications,150,"Financial transaction process/accounting",187,Multi,281
18417,Communication,Telecommunications,"Customer relationship management",Enhancement,Multi,,,142,1770,1451,-1,,"Waterfall (incl Linear Processing & SSADM)",-1,Communication,189,Telecommunications,150,"Customer relationship management",33,Multi,281
18427,Financial,"Financial, Property & Business Services","Transaction/Production System","New Development",MF,,,288,3840,3840,-1,DB2,"Rapid Application Development (RAD)",-1,Financial,18,"Financial, Property & Business Services",17,"Transaction/Production System",24,MF,78
18428,Communication,Telecommunications,"Online. eSales",Enhancement,Multi,,,151,2737,2244,-1,,"Waterfall (incl Linear Processing & SSADM)",-1,Communication,189,Telecommunications,150,"Online. eSales",12,Multi,281
18438,Banking,Banking,"Financial transaction process/accounting","New Development",MF,3GL,PL/I,207,6069,5644,-1,DB2,"Waterfall (incl Linear Processing & SSADM)",-1,Banking,19,Banking,19,"Financial transaction process/accounting",187,MF,78
18442,Financial,"Financial, Property & Business Services","Financial transaction process/accounting",Enhancement,MF,3GL,"Unix Shell",122,1596,1596,-1,Interactive,,-1,Financial,18,"Financial, Property & Business Services",17,"Financial transaction process/accounting",187,MF,78
18459,Financial,"Financial, Property & Business Services","Transaction/Production System",Enhancement,MF,,,58,1040,1040,-1,,,-1,Financial,18,"Financial, Property & Business Services",17,"Transaction/Production System",24,MF,78
18498,Communication,Telecommunications,"Customer relationship management",Enhancement,,3GL,Java,64,1211,1112,-1,,"Waterfall (incl Linear Processing & SSADM)",-1,Communication,189,Telecommunications,150,"Customer relationship management",33,Multi,281
18638,,,"MS Business Platform",Enhancement,,3GL,COBOL,477,2726,2726,-1,,,-1,Communication,189,Telecommunications,150,"MS Business Platform",1,Multi,281
18663,,,,Enhancement,,,,92,315,315,2,,,-1,Communication,189,Telecommunications,150,"Financial transaction process/accounting",187,Multi,281
18697,Communication,Telecommunications,"Customer relationship management",Enhancement,,4GL,"Amdocs framework",106,519,428,-1,,"Waterfall (incl Linear Processing & SSADM)",-1,Communication,189,Telecommunications,150,"Customer relationship management",33,Multi,281
18735,Communication,Telecommunications,"Customer billing",Enhancement,,3GL,PL/SQL,67,1133,1040,-1,,"Waterfall (incl Linear Processing & SSADM)",-1,Communication,189,Telecommunications,150,"Customer billing",4,Multi,281
18746,Government,"GovernmentMunicipal Services","Catalogue/register of things or eventsWorkflow support & managementElectronic Data Interchange",Enhancement,Multi,3GL,C#,337,11680,11680,9,DB2,,-1,Government,27,"GovernmentMunicipal Services",1,"Catalogue/register of things or eventsWorkflow support & managementElectronic Data Interchange",1,Multi,281
18808,Communication,Telecommunications,"Customer relationship management",Enhancement,Multi,3GL,"Visual Basic",91,1574,1291,-1,,"Waterfall (incl Linear Processing & SSADM)",-1,Communication,189,Telecommunications,150,"Customer relationship management",33,Multi,281
18890,Insurance,Insurance,Unknown,Enhancement,,,,87,112,92,-1,,"Waterfall (incl Linear Processing & SSADM)",-1,Insurance,53,Insurance,53,"Financial transaction process/accounting",187,Multi,281
18917,Insurance,Insurance,,Enhancement,,4GL,ASP.Net,59,77,71,-1,,"Waterfall (incl Linear Processing & SSADM)",-1,Insurance,53,Insurance,53,"Financial transaction process/accounting",187,Multi,281
18945,Financial,"Financial, Property & Business Services","Financial transaction process/accounting",Enhancement,MF,3GL,"Shell, C",88,1196,1196,-1,Interactive,,-1,Financial,18,"Financial, Property & Business Services",17,"Financial transaction process/accounting",187,MF,78
18961,Communication,Telecommunications,"Stock control & order processing",Enhancement,Multi,3GL,Java,56,849,696,-1,,"Waterfall (incl Linear Processing & SSADM)",-1,Communication,189,Telecommunications,150,"Stock control & order processing",8,Multi,281
19040,"Medical & Health Care","Medical and Health Care","not recorded",Enhancement,,,,14,1898,1689,32,,,-1,"Medical & Health Care",57,"Medical and Health Care",57,"Financial transaction process/accounting",187,Multi,281
19079,"Medical & Health Care","Medical and Health Care","not recorded",Enhancement,,,,63,3141,2953,62,,,-1,"Medical & Health Care",57,"Medical and Health Care",57,"Financial transaction process/accounting",187,Multi,281
19114,Government,"GovernmentProfessional Services","Tax system",Enhancement,Multi,3GL,C#,392,15729,15729,12,DB2,,-1,Government,27,"GovernmentProfessional Services",1,"Tax system",1,Multi,281
19122,Communication,Telecommunications,Integration,Enhancement,Multi,3GL,TIBCO,52,820,672,-1,,"Waterfall (incl Linear Processing & SSADM)",-1,Communication,189,Telecommunications,150,Integration,5,Multi,281
19136,"Medical & Health Care","Medical and Health Care","not recorded",Enhancement,,,,12,1456,1456,46,,,-1,"Medical & Health Care",57,"Medical and Health Care",57,"Financial transaction process/accounting",187,Multi,281
19148,,,,"New Development",,3GL,C,300,889,889,6,,,2000,Communication,189,Telecommunications,150,"Financial transaction process/accounting",187,Multi,281
19154,Insurance,Insurance,"Financial transaction process/accounting","New Development",MF,3GL,COBOL,6,1008,937,-1,DB2/400,"Waterfall (incl Linear Processing & SSADM)",-1,Insurance,53,Insurance,53,"Financial transaction process/accounting",187,MF,78
19189,Communication,Telecommunications,"Logistic or supply planning & control",Enhancement,Multi,3GL,Java,73,1765,1447,-1,,"Waterfall (incl Linear Processing & SSADM)",-1,Communication,189,Telecommunications,150,"Logistic or supply planning & control",2,Multi,281
19297,Insurance,Insurance,Unknown,Enhancement,,3GL,Java,195,1211,993,-1,,"Waterfall (incl Linear Processing & SSADM)",-1,Insurance,53,Insurance,53,"Financial transaction process/accounting",187,Multi,281
19303,"Wholesale & Retail",Ordering,"Stock control & order processing",Enhancement,MF,3GL,C,86,1102,1102,-1,,,-1,"Wholesale & Retail",5,Ordering,2,"Stock control & order processing",8,MF,78
19403,"Medical & Health Care","Medical and Health Care","not recorded",Enhancement,,,,12,1320,1320,36,,,-1,"Medical & Health Care",57,"Medical and Health Care",57,"Financial transaction process/accounting",187,Multi,281
19410,Banking,Banking,"Financial transaction process/accounting",Enhancement,MF,3GL,PL/I,255,6069,5644,-1,DB2,"Waterfall (incl Linear Processing & SSADM)",-1,Banking,19,Banking,19,"Financial transaction process/accounting",187,MF,78
19456,Insurance,Insurance,"Financial transaction process/accounting",Enhancement,Multi,3GL,"Visual Basic",638,21564,10135,-1,No,"Waterfall (incl Linear Processing & SSADM)",-1,Insurance,53,Insurance,53,"Financial transaction process/accounting",187,Multi,281
19461,"Medical & Health Care","Medical and Health Care","not recorded",Enhancement,,,,35,7330,7330,49,,,-1,"Medical & Health Care",57,"Medical and Health Care",57,"Financial transaction process/accounting",187,Multi,281
19490,Communication,Communications,"Management Information System",Enhancement,,3GL,C++,121,1293,1293,4,,,-1,Communication,189,Communications,34,"Management Information System",9,Multi,281
19491,,,,Enhancement,,3GL,C,263,1311,970,3,,,6400,Communication,189,Telecommunications,150,"Financial transaction process/accounting",187,Multi,281
19594,Insurance,Insurance,Unknown,Enhancement,,4GL,Oracle,62,578,474,-1,,"Waterfall (incl Linear Processing & SSADM)",-1,Insurance,53,Insurance,53,"Financial transaction process/accounting",187,Multi,281
19659,,,"Financial application area",Enhancement,Multi,3GL,Java,61,354,354,-1,Interactive,,-1,Communication,189,Telecommunications,150,"Financial application area",12,Multi,281
19660,Financial,"Financial, Property & Business Services","Financial transaction process/accounting",Enhancement,MF,3GL,"Unix Shell",97,1211,1211,-1,Interactive,,-1,Financial,18,"Financial, Property & Business Services",17,"Financial transaction process/accounting",187,MF,78
19671,,,"Transaction/Production System",Enhancement,MF,3GL,COBOL,98,3271,2944,6,DB2VSAM,,-1,Communication,189,Telecommunications,150,"Transaction/Production System",24,MF,78
19680,,Local,"Ordering & provisioning system",Enhancement,MF,3GL,C,119,1907,1907,-1,Oracle,,-1,Communication,189,Local,2,"Ordering & provisioning system",1,MF,78
19730,Government,Government,"Financial transaction process/accounting","New Development",PC,4GL,ASP,795,2187,2187,6,"SQL Server",,-1,Government,27,Government,19,"Financial transaction process/accounting",187,PC,23
19757,Government,Government,"Catalogue/register of things or eventsDocument managementOnline analysis and reporting","New Development",Multi,3GL,Java,127,1536,1536,5,Oracle,,-1,Government,27,Government,19,"Catalogue/register of things or eventsDocument managementOnline analysis and reporting",1,Multi,281
19799,Communication,Telecommunications,"Customer relationship management",Enhancement,,,,70,1107,908,-1,,"Waterfall (incl Linear Processing & SSADM)",-1,Communication,189,Telecommunications,150,"Customer relationship management",33,Multi,281
19815,Utilities,"Electricity, Gas, Water","Corporate Taxation",Re-development,MF,3GL,PL/I,125,330,330,2,DB2,,-1,Utilities,3,"Electricity, Gas, Water",2,"Corporate Taxation",1,MF,78
19881,"Wholesale & Retail",Ordering,"Stock control & order processing",Enhancement,,3GL,COBOL,64,620,620,-1,,,-1,"Wholesale & Retail",5,Ordering,2,"Stock control & order processing",8,Multi,281
19885,"Medical & Health Care","Medical and Health Care","not recorded",Enhancement,,,,36,6452,6452,87,,,-1,"Medical & Health Care",57,"Medical and Health Care",57,"Financial transaction process/accounting",187,Multi,281
19905,Banking,Banking,"Sales contact management","New Development",PC,3GL,C,29,395,395,-1,Yes,"Waterfall (incl Linear Processing & SSADM)",-1,Banking,19,Banking,19,"Sales contact management",3,PC,23
20082,,,,Enhancement,,4GL,.Net,245,1113,880,-1,,"Waterfall (incl Linear Processing & SSADM)",-1,Communication,189,Telecommunications,150,"Financial transaction process/accounting",187,Multi,281
20093,Manufacturing,Manufacturing,,Enhancement,MF,3GL,PL/I,1062,15972,15972,24,"IMSDB2LOTUS NOTES",,412409,Manufacturing,12,Manufacturing,8,"Financial transaction process/accounting",187,MF,78
20106,Government,"Public AdministrationCommunity ServicesInsurance","Transaction/Production System",Enhancement,MF,3GL,COBOL,32,300,300,2,DB2,,-1,Government,27,"Public AdministrationCommunity ServicesInsurance",3,"Transaction/Production System",24,MF,78
20115,Communication,Telecommunications,"Customer relationship management",Enhancement,Multi,,,54,654,536,-1,,"Waterfall (incl Linear Processing & SSADM)",-1,Communication,189,Telecommunications,150,"Customer relationship management",33,Multi,281
20123,Insurance,Insurance,Unknown,Enhancement,,,,84,213,175,-1,,"Waterfall (incl Linear Processing & SSADM)",-1,Insurance,53,Insurance,53,"Financial transaction process/accounting",187,Multi,281
20177,Communication,Communications,"Transaction/Production System",Enhancement,MR,3GL,LEX,80,1251,1038,7,OBJECTSTOR,,-1,Communication,189,Communications,34,"Transaction/Production System",24,MR,18
20236,Insurance,Insurance,Unknown,Enhancement,,,,83,238,195,-1,,"Waterfall (incl Linear Processing & SSADM)",-1,Insurance,53,Insurance,53,"Financial transaction process/accounting",187,Multi,281
20352,"Medical & Health Care","Medical and Health Care","not recorded",Enhancement,,,,34,706,706,29,,,-1,"Medical & Health Care",57,"Medical and Health Care",57,"Financial transaction process/accounting",187,Multi,281
20398,,,,Enhancement,,4GL,Oracle,51,536,536,-1,,,-1,Communication,189,Telecommunications,150,"Financial transaction process/accounting",187,Multi,281
20419,Communication,Telecommunications,"Billing and ERP",Enhancement,Multi,3GL,Java,167,1122,920,-1,,"Waterfall (incl Linear Processing & SSADM)",-1,Communication,189,Telecommunications,150,"Billing and ERP",1,Multi,281
20477,Manufacturing,Manufacturing,"Document management","New Development",Multi,3GL,"Visual Basic",177,1570,1570,-1,"Oracle 8.1.6","Waterfall (incl Linear Processing & SSADM)",-1,Manufacturing,12,Manufacturing,8,"Document management",2,Multi,281
20538,"Medical & Health Care","Medical and Health Care","not recorded",Enhancement,,,,4,624,568,15,,,-1,"Medical & Health Care",57,"Medical and Health Care",57,"Financial transaction process/accounting",187,Multi,281
20614,,,,"New Development",Multi,3GL,Java,650,3672,3048,-1,,,-1,Communication,189,Telecommunications,150,"Financial transaction process/accounting",187,Multi,281
20758,Communication,Telecommunications,"Online. eSales",Enhancement,Multi,,,113,1024,840,-1,,"Waterfall (incl Linear Processing & SSADM)",-1,Communication,189,Telecommunications,150,"Online. eSales",12,Multi,281
20776,Communication,Telecommunications,"Online. eSales",Enhancement,Multi,,,51,988,810,-1,,"Waterfall (incl Linear Processing & SSADM)",-1,Communication,189,Telecommunications,150,"Online. eSales",12,Multi,281
20837,,,,"New Development",,3GL,C,79,1108,1030,2,,,3200,Communication,189,Telecommunications,150,"Financial transaction process/accounting",187,Multi,281
20887,"Medical & Health Care","Medical and Health Care","not recorded",Enhancement,,,,34,1407,1196,18,,,-1,"Medical & Health Care",57,"Medical and Health Care",57,"Financial transaction process/accounting",187,Multi,281
20892,Government,Government,"Management of Licences and Permits",Enhancement,MF,ApG,COOL:Gen,221,3191,2202,-1,,,-1,Government,27,Government,19,"Management of Licences and Permits",8,MF,78
21078,Communication,Telecommunications,"Data Warehouse",Enhancement,,4GL,Oracle,107,349,320,-1,,"Waterfall (incl Linear Processing & SSADM)",-1,Communication,189,Telecommunications,150,"Data Warehouse",10,Multi,281
21107,Government,Government,"Financial transaction process/accounting",Enhancement,Multi,3GL,PL/I,335,19706,19706,15,DB2,,-1,Government,27,Government,19,"Financial transaction process/accounting",187,Multi,281
21114,,,"Financial application area",Enhancement,Multi,3GL,Java,33,175,175,-1,Interactive,,-1,Communication,189,Telecommunications,150,"Financial application area",12,Multi,281
21151,Communication,Communications,"relatively complex application",Enhancement,Multi,3GL,,213,6391,6391,-1,Interactive,"Waterfall (incl Linear Processing & SSADM)",-1,Communication,189,Communications,34,"relatively complex application",13,Multi,281
21180,"Electronics & Computers",Electronics,Trading,"New Development",PC,3GL,"Visual Basic",235,781,781,-1,"Oracle 8i","Waterfall (incl Linear Processing & SSADM)",-1,"Electronics & Computers",4,Electronics,1,Trading,2,PC,23
21195,Communication,Telecommunications,"Stock control & order processing",Enhancement,Multi,3GL,Java,130,2029,1664,-1,,"Waterfall (incl Linear Processing & SSADM)",-1,Communication,189,Telecommunications,150,"Stock control & order processing",8,Multi,281
21198,Communication,Telecommunications,Other,Enhancement,,3GL,PYTHON,82,758,696,-1,,"Waterfall (incl Linear Processing & SSADM)",-1,Communication,189,Telecommunications,150,Other,3,Multi,281
21261,Insurance,Insurance,"Financial transaction process/accounting",Enhancement,MF,3GL,COBOL,150,2218,2218,-1,IMS,"Waterfall (incl Linear Processing & SSADM)",-1,Insurance,53,Insurance,53,"Financial transaction process/accounting",187,MF,78
21317,"Medical & Health Care","Medical and Health Care","not recorded",Enhancement,,,,67,5920,4736,21,,,-1,"Medical & Health Care",57,"Medical and Health Care",57,"Financial transaction process/accounting",187,Multi,281
21370,Insurance,Insurance,Unknown,Enhancement,,3GL,Java,70,217,178,-1,,"Waterfall (incl Linear Processing & SSADM)",-1,Insurance,53,Insurance,53,"Financial transaction process/accounting",187,Multi,281
21394,,,,Enhancement,,,,51,337,280,1,,,-1,Communication,189,Telecommunications,150,"Financial transaction process/accounting",187,Multi,281
21399,Communication,Communications,"Transaction/Production System",Enhancement,,4GL,NATURAL,82,410,410,4,,,-1,Communication,189,Communications,34,"Transaction/Production System",24,Multi,281
21420,,,,"New Development",,3GL,"Visual Basic",314,1260,1260,8,,,10000,Communication,189,Telecommunications,150,"Financial transaction process/accounting",187,Multi,281
21429,Communication,Telecommunications,"GEO Information Management",Enhancement,Multi,3GL,Java,55,3639,2984,-1,,"Waterfall (incl Linear Processing & SSADM)",-1,Communication,189,Telecommunications,150,"GEO Information Management",1,Multi,281
21433,Communication,Telecommunications,"Data Warehouse",Enhancement,,3GL,PL/SQL,59,733,604,-1,,"Waterfall (incl Linear Processing & SSADM)",-1,Communication,189,Telecommunications,150,"Data Warehouse",10,Multi,281
21467,Communication,Telecommunications,"Customer relationship management",Enhancement,,4GL,"Amdocs framework",106,3644,3003,-1,,"Waterfall (incl Linear Processing & SSADM)",-1,Communication,189,Telecommunications,150,"Customer relationship management",33,Multi,281
21496,Banking,Banking,"Financial transaction process/accounting",Enhancement,MF,3GL,PL/I,34,109,61,-1,"IMS/DB,DC","Waterfall (incl Linear Processing & SSADM)",-1,Banking,19,Banking,19,"Financial transaction process/accounting",187,MF,78
21522,Insurance,Insurance,Unknown,Enhancement,,,,133,104,85,-1,,"Waterfall (incl Linear Processing & SSADM)",-1,Insurance,53,Insurance,53,"Financial transaction process/accounting",187,Multi,281
21552,Manufacturing,,,"New Development",,4GL,.Net,154,1257,1008,-1,,"Waterfall (incl Linear Processing & SSADM)",-1,Manufacturing,12,Telecommunications,150,"Financial transaction process/accounting",187,Multi,281
21609,Communication,Communications,"relatively complex application",Enhancement,Multi,4GL,,12,355,355,-1,Interactive,"Waterfall (incl Linear Processing & SSADM)",-1,Communication,189,Communications,34,"relatively complex application",13,Multi,281
21623,Communication,Telecommunications,"Customer relationship management",Enhancement,Multi,3GL,PL/SQL,228,1502,1232,-1,,"Waterfall (incl Linear Processing & SSADM)",-1,Communication,189,Telecommunications,150,"Customer relationship management",33,Multi,281
21668,Financial,"Financial, Property & Business Services","Financial transaction process/accounting","New Development",Multi,4GL,PowerBuilder,281,4030,4030,-1,"Oracle 8.0.6","Waterfall (incl Linear Processing & SSADM)",-1,Financial,18,"Financial, Property & Business Services",17,"Financial transaction process/accounting",187,Multi,281
21775,Communication,Communications,"relatively complex application",Enhancement,MF,3GL,,141,5156,5156,-1,Batch,"Waterfall (incl Linear Processing & SSADM)",-1,Communication,189,Communications,34,"relatively complex application",13,MF,78
21824,Insurance,Insurance,Unknown,Enhancement,,,,54,307,252,-1,,"Waterfall (incl Linear Processing & SSADM)",-1,Insurance,53,Insurance,53,"Financial transaction process/accounting",187,Multi,281
21859,Insurance,Insurance,Unknown,Enhancement,,4GL,NATURAL,98,376,308,-1,,"Waterfall (incl Linear Processing & SSADM)",-1,Insurance,53,Insurance,53,"Financial transaction process/accounting",187,Multi,281
21915,"Electronics & Computers","Computers & Software","Management Information System","New Development",MF,3GL,PL/I,383,1367,1230,2,DB2,,-1,"Electronics & Computers",4,"Computers & Software",3,"Management Information System",9,MF,78
22063,Insurance,Insurance,"Transaction/Production System",Enhancement,MF,3GL,PL/I,124,3639,3639,12,"DB2IMSCOMLINKWEB Server",,-1,Insurance,53,Insurance,53,"Transaction/Production System",24,MF,78
22274,Government,Government,"Job, case, incident, project management",Enhancement,Multi,3GL,PL/I,234,5103,5103,11,DB2,,-1,Government,27,Government,19,"Job, case, incident, project management",2,Multi,281
22342,Communication,Telecommunications,"Online. eSales",Enhancement,Multi,,,113,1024,840,-1,,"Waterfall (incl Linear Processing & SSADM)",-1,Communication,189,Telecommunications,150,"Online. eSales",12,Multi,281
22361,Communication,Communications,"Transaction/Production System",Enhancement,,3GL,COBOL,214,1430,1187,-1,DB2,,-1,Communication,189,Communications,34,"Transaction/Production System",24,Multi,281
22425,"Medical & Health Care","Medical and Health Care","not recorded",Enhancement,,,,29,4033,3428,15,,,-1,"Medical & Health Care",57,"Medical and Health Care",57,"Financial transaction process/accounting",187,Multi,281
22465,,,,"New Development",Multi,4GL,"Lotus Notes",264,432,402,-1,,,-1,Communication,189,Telecommunications,150,"Financial transaction process/accounting",187,Multi,281
22471,Insurance,Insurance,"Financial transaction process/accounting",Enhancement,MF,3GL,"Visual Basic",167,6398,6398,-1,DB2/400,"Waterfall (incl Linear Processing & SSADM)",-1,Insurance,53,Insurance,53,"Financial transaction process/accounting",187,MF,78
22495,Communication,Telecommunications,Integration,Enhancement,,3GL,TIBCO,308,7746,6352,-1,,"Waterfall (incl Linear Processing & SSADM)",-1,Communication,189,Telecommunications,150,Integration,5,Multi,281
22507,Banking,Banking,"Transaction/Production System","New Development",MF,3GL,COBOL,499,10613,10613,7,FOXPROIMSDB2,,-1,Banking,19,Banking,19,"Transaction/Production System",24,MF,78
22638,,,,Enhancement,,3GL,"Unix Shell",92,473,473,-1,,,-1,Communication,189,Telecommunications,150,"Financial transaction process/accounting",187,Multi,281
22727,Government,Government,"Management of Licences and Permits",Enhancement,MF,ApG,COOL:Gen,339,3622,3622,-1,,,-1,Government,27,Government,19,"Management of Licences and Permits",8,MF,78
22776,Communication,Telecommunications,"Customer relationship management",Enhancement,Multi,3GL,Java,53,1109,909,-1,,"Waterfall (incl Linear Processing & SSADM)",-1,Communication,189,Telecommunications,150,"Customer relationship management",33,Multi,281
22886,Communication,Communications,"relatively complex application",Enhancement,Multi,4GL,,110,902,902,-1,Interactive,"Waterfall (incl Linear Processing & SSADM)",-1,Communication,189,Communications,34,"relatively complex application",13,Multi,281
22893,,,"Financial application area","New Development",Multi,4GL,,133,1609,1609,-1,Interactive,,-1,Communication,189,Telecommunications,150,"Financial application area",12,Multi,281
22922,"Medical & Health Care","Medical and Health Care","not recorded",Enhancement,,,,27,11374,9668,30,,,-1,"Medical & Health Care",57,"Medical and Health Care",57,"Financial transaction process/accounting",187,Multi,281
22951,Communication,Telecommunications,"Operational CRM",Enhancement,,3GL,Java,112,458,377,-1,,"Waterfall (incl Linear Processing & SSADM)",-1,Communication,189,Telecommunications,150,"Operational CRM",1,Multi,281
22957,Communication,Telecommunications,"Workflow support & management",Enhancement,Multi,,BPM,63,1063,872,-1,,"Waterfall (incl Linear Processing & SSADM)",-1,Communication,189,Telecommunications,150,"Workflow support & management",5,Multi,281
23066,Banking,Banking,"Financial transaction process/accounting",Enhancement,MF,,MAPPER,44,326,326,-1,MAPER,"Waterfall (incl Linear Processing & SSADM)",-1,Banking,19,Banking,19,"Financial transaction process/accounting",187,MF,78
23110,Communication,Telecommunications,"Data Warehouse",Enhancement,Multi,3GL,Shell,52,360,295,-1,,"Waterfall (incl Linear Processing & SSADM)",-1,Communication,189,Telecommunications,150,"Data Warehouse",10,Multi,281
23122,"Medical & Health Care","Medical and Health Care","not recorded",Enhancement,,,,67,6021,6021,62,,,-1,"Medical & Health Care",57,"Medical and Health Care",57,"Financial transaction process/accounting",187,Multi,281
23182,Communication,Telecommunications,"Customer relationship management",Enhancement,,,ClearBasic,144,1798,1482,-1,,"Waterfall (incl Linear Processing & SSADM)",-1,Communication,189,Telecommunications,150,"Customer relationship management",33,Multi,281
23317,,,,Enhancement,PC,3GL,"Visual Basic",32,578,578,-1,,,-1,Communication,189,Telecommunications,150,"Financial transaction process/accounting",187,PC,23
23467,"Medical & Health Care","Medical and Health Care","not recorded",Enhancement,,,,7,682,682,19,,,-1,"Medical & Health Care",57,"Medical and Health Care",57,"Financial transaction process/accounting",187,Multi,281
23518,Communication,Communications,"relatively complex application",Enhancement,Multi,4GL,,25,626,626,-1,Interactive,"Waterfall (incl Linear Processing & SSADM)",-1,Communication,189,Communications,34,"relatively complex application",13,Multi,281
23538,"Medical & Health Care","Medical and Health Care","not recorded",Enhancement,,,,30,3535,3535,70,,,-1,"Medical & Health Care",57,"Medical and Health Care",57,"Financial transaction process/accounting",187,Multi,281
23559,"Professional Services","Business Services","Management Information System","New Development",MF,3GL,Java,7400,60270,60270,45,,,-1,"Professional Services",1,"Business Services",1,"Management Information System",9,MF,78
23565,Financial,"Financial, Property & Business Services","Financial transaction process/accounting",Enhancement,,,,87,1652,1652,-1,Interactive,,-1,Financial,18,"Financial, Property & Business Services",17,"Financial transaction process/accounting",187,Multi,281
23573,,,,Enhancement,,,,1238,1960,1960,7,,,-1,Communication,189,Telecommunications,150,"Financial transaction process/accounting",187,Multi,281
23656,Communication,Telecommunications,"Management or performance reporting",Enhancement,Multi,,,68,924,758,-1,,"Waterfall (incl Linear Processing & SSADM)",-1,Communication,189,Telecommunications,150,"Management or performance reporting",3,Multi,281
23687,Manufacturing,"Aerospace / Automotive","Management or performance reporting","New Development",MR,4GL,Datastage,647,12815,8330,12,"DB2Oracle 9i",,-1,Manufacturing,12,"Aerospace / Automotive",1,"Management or performance reporting",3,MR,18
23698,,Maintenance,Maintenance,Enhancement,MF,3GL,C++,515,27251,27251,-1,,,-1,Communication,189,Maintenance,2,Maintenance,2,MF,78
23708,Communication,Communications,"Management Information System",Enhancement,PC,4GL,Oracle,75,569,569,10,,,-1,Communication,189,Communications,34,"Management Information System",9,PC,23
23712,Communication,Communications,"Telecom & network management",Enhancement,MR,3GL,C,187,2075,1888,7,Yes,,-1,Communication,189,Communications,34,"Telecom & network management",2,MR,18
23741,"Medical & Health Care","Medical and Health Care","not recorded",Enhancement,,,,16,5242,5242,69,,,-1,"Medical & Health Care",57,"Medical and Health Care",57,"Financial transaction process/accounting",187,Multi,281
23766,Insurance,Insurance,,Enhancement,,,Mixed,139,495,454,-1,,"Waterfall (incl Linear Processing & SSADM)",-1,Insurance,53,Insurance,53,"Financial transaction process/accounting",187,Multi,281
23777,Communication,Communications,"relatively complex application",Enhancement,MF,3GL,,62,700,700,-1,Batch,"Waterfall (incl Linear Processing & SSADM)",-1,Communication,189,Communications,34,"relatively complex application",13,MF,78
23784,"Medical & Health Care","Medical and Health Care","not recorded",Enhancement,,,,19,3933,3933,42,,,-1,"Medical & Health Care",57,"Medical and Health Care",57,"Financial transaction process/accounting",187,Multi,281
23972,"Medical & Health Care","Medical and Health Care","not recorded",Enhancement,,,,6,168,168,12,,,-1,"Medical & Health Care",57,"Medical and Health Care",57,"Financial transaction process/accounting",187,Multi,281
24009,Insurance,Insurance,"Financial transaction process/accounting","New Development",MF,3GL,COBOL,102,2786,2061,-1,IMS,"Waterfall (incl Linear Processing & SSADM)",-1,Insurance,53,Insurance,53,"Financial transaction process/accounting",187,MF,78
24042,Banking,Banking,"Transaction/Production System","New Development",MF,,,159,3084,2776,5,IMS,"Multifunctional Teams",-1,Banking,19,Banking,19,"Transaction/Production System",24,MF,78
24043,,,"Financial application area","New Development",Multi,3GL,Java,267,1442,1442,-1,Interactive,,-1,Communication,189,Telecommunications,150,"Financial application area",12,Multi,281
24125,Mining,"Oil & Petroleum","Complex process control",Enhancement,MF,3GL,COBOL,149,1089,1013,-1,DB2,"Waterfall (incl Linear Processing & SSADM)",-1,Mining,2,"Oil & Petroleum",2,"Complex process control",2,MF,78
24135,Communication,Telecommunications,"Stock control & order processing",Enhancement,Multi,,,124,1649,1352,-1,,"Waterfall (incl Linear Processing & SSADM)",-1,Communication,189,Telecommunications,150,"Stock control & order processing",8,Multi,281
24141,Communication,Telecommunications,"Data Warehouse",Enhancement,,3GL,PL/SQL,87,290,239,-1,,"Waterfall (incl Linear Processing & SSADM)",-1,Communication,189,Telecommunications,150,"Data Warehouse",10,Multi,281
24151,,,"Financial application area",Enhancement,MF,3GL,,89,1032,1032,-1,Batch,,-1,Communication,189,Telecommunications,150,"Financial application area",12,MF,78
24210,Insurance,Insurance,Unknown,Enhancement,,3GL,PL/SQL,159,313,257,-1,,"Waterfall (incl Linear Processing & SSADM)",-1,Insurance,53,Insurance,53,"Financial transaction process/accounting",187,Multi,281
24366,Communication,Communications,"Transaction/Production System",Enhancement,,3GL,COBOL,138,2988,2988,6,,,-1,Communication,189,Communications,34,"Transaction/Production System",24,Multi,281
24407,Manufacturing,Manufacturing,Trading,"New Development",Multi,4GL,"Lotus Notes",639,2420,2420,-1,"Domino R5.04a","Waterfall (incl Linear Processing & SSADM)",-1,Manufacturing,12,Manufacturing,8,Trading,2,Multi,281
24457,Communication,Telecommunications,Other,Enhancement,,3GL,Java,66,776,712,-1,,"Waterfall (incl Linear Processing & SSADM)",-1,Communication,189,Telecommunications,150,Other,3,Multi,281
24505,Communication,Telecommunications,"Customer billing",Enhancement,,3GL,PL/SQL,66,825,680,-1,,"Waterfall (incl Linear Processing & SSADM)",-1,Communication,189,Telecommunications,150,"Customer billing",4,Multi,281
24543,"Medical & Health Care","Medical and Health Care","not recorded",Enhancement,,,,54,11656,11656,98,,,-1,"Medical & Health Care",57,"Medical and Health Care",57,"Financial transaction process/accounting",187,Multi,281
24573,Communication,Telecommunications,Integration,Enhancement,Multi,3GL,TIBCO,52,733,601,-1,,"Waterfall (incl Linear Processing & SSADM)",-1,Communication,189,Telecommunications,150,Integration,5,Multi,281
24615,"Medical & Health Care","Medical and Health Care","not recorded",Enhancement,,,,8,244,244,21,,,-1,"Medical & Health Care",57,"Medical and Health Care",57,"Financial transaction process/accounting",187,Multi,281
24629,,,,Enhancement,,3GL,COBOL,4,38,38,-1,,,-1,Communication,189,Telecommunications,150,"Financial transaction process/accounting",187,Multi,281
24633,,,"Financial application area",Enhancement,MF,3GL,,58,800,800,-1,Batch,,-1,Communication,189,Telecommunications,150,"Financial application area",12,MF,78
24661,Insurance,Insurance,,Enhancement,,,Mixed,186,312,286,-1,,"Waterfall (incl Linear Processing & SSADM)",-1,Insurance,53,Insurance,53,"Financial transaction process/accounting",187,Multi,281
24851,,,,"New Development",,,,2456,2464,2045,-1,,,-1,Communication,189,Telecommunications,150,"Financial transaction process/accounting",187,Multi,281
24866,Insurance,Insurance,Unknown,Enhancement,,,,146,1215,996,-1,,"Waterfall (incl Linear Processing & SSADM)",-1,Insurance,53,Insurance,53,"Financial transaction process/accounting",187,Multi,281
24889,"Medical & Health Care","Medical and Health Care","not recorded",Enhancement,,,,7,241,188,6,,,-1,"Medical & Health Care",57,"Medical and Health Care",57,"Financial transaction process/accounting",187,Multi,281
24937,Insurance,Insurance,"Financial transaction process/accounting","New Development",PC,3GL,COBOL,434,11922,11088,-1,No,"Waterfall (incl Linear Processing & SSADM)",-1,Insurance,53,Insurance,53,"Financial transaction process/accounting",187,PC,23
25053,"Medical & Health Care","Medical and Health Care","not recorded",Enhancement,,,,54,7529,7529,48,,,-1,"Medical & Health Care",57,"Medical and Health Care",57,"Financial transaction process/accounting",187,Multi,281
25120,"Service Industry","GovernmentCommunity Services","Financial transaction process/accounting",Enhancement,Multi,3GL,PL/I,148,2100,2100,5,DB2,,-1,"Service Industry",9,"GovernmentCommunity Services",3,"Financial transaction process/accounting",187,Multi,281
25126,,,,"New Development",,4GL,.Net,3383,64317,60844,-1,,"Waterfall (incl Linear Processing & SSADM)",-1,Communication,189,Telecommunications,150,"Financial transaction process/accounting",187,Multi,281
25151,Communication,Telecommunications,"Customer relationship management",Enhancement,,3GL,Java,76,880,808,-1,,"Waterfall (incl Linear Processing & SSADM)",-1,Communication,189,Telecommunications,150,"Customer relationship management",33,Multi,281
25158,Communication,Telecommunications,"Other: Service Order & Activation Management",Enhancement,,3GL,Java,84,1210,1111,-1,,"Waterfall (incl Linear Processing & SSADM)",-1,Communication,189,Telecommunications,150,"Other: Service Order & Activation Management",1,Multi,281
25213,Insurance,Insurance,Unknown,Enhancement,,3GL,Java,165,402,330,-1,,"Waterfall (incl Linear Processing & SSADM)",-1,Insurance,53,Insurance,53,"Financial transaction process/accounting",187,Multi,281
25268,,,,"New Development",,,,141,912,912,3,,,-1,Communication,189,Telecommunications,150,"Financial transaction process/accounting",187,Multi,281
25270,,,,"New Development",,3GL,PASCAL,403,1209,774,1,,,22000,Communication,189,Telecommunications,150,"Financial transaction process/accounting",187,Multi,281
25310,,,"Financial application area","New Development",Multi,3GL,Java,256,1766,1766,-1,Interactive,,-1,Communication,189,Telecommunications,150,"Financial application area",12,Multi,281
25336,Financial,"Financial, Property & Business Services","Financial transaction process/accounting",Enhancement,MF,3GL,C,389,4719,4719,-1,Interactive,,-1,Financial,18,"Financial, Property & Business Services",17,"Financial transaction process/accounting",187,MF,78
25343,,,,Enhancement,,3GL,C,476,5657,4186,8,,,-1,Communication,189,Telecommunications,150,"Financial transaction process/accounting",187,Multi,281
25346,"Medical & Health Care","Medical and Health Care","not recorded",Enhancement,,,,13,527,448,11,,,-1,"Medical & Health Care",57,"Medical and Health Care",57,"Financial transaction process/accounting",187,Multi,281
25438,Communication,Telecommunications,"Customer relationship management",Enhancement,,,ClearBasic,135,2283,2096,-1,,"Waterfall (incl Linear Processing & SSADM)",-1,Communication,189,Telecommunications,150,"Customer relationship management",33,Multi,281
25461,"Medical & Health Care","Medical and Health Care","not recorded",Enhancement,,,,17,1317,1317,28,,,-1,"Medical & Health Care",57,"Medical and Health Care",57,"Financial transaction process/accounting",187,Multi,281
25509,Communication,Communications,"relatively complex application",Enhancement,Multi,3GL,,256,1231,1231,-1,Interactive,"Waterfall (incl Linear Processing & SSADM)",-1,Communication,189,Communications,34,"relatively complex application",13,Multi,281
25516,Communication,Telecommunications,"Customer billing",Enhancement,,3GL,PL/SQL,65,573,472,-1,,"Waterfall (incl Linear Processing & SSADM)",-1,Communication,189,Telecommunications,150,"Customer billing",4,Multi,281
25543,Communication,Telecommunications,"Number of Hosting Solution",Enhancement,PC,4GL,ASP.Net,287,3893,3543,-1,"SQL Server","Waterfall (incl Linear Processing & SSADM)",-1,Communication,189,Telecommunications,150,"Number of Hosting Solution",1,PC,23
25618,Government,Government,"Catalogue/register of things or events","New Development",Multi,3GL,C#,298,13489,13489,24,,,-1,Government,27,Government,19,"Catalogue/register of things or events",1,Multi,281
25641,Manufacturing,Chemicals,"Production management","New Development",PC,4GL,SQL,776,1847,1718,-1,"SQL Server 7.0","Waterfall (incl Linear Processing & SSADM)",-1,Manufacturing,12,Chemicals,2,"Production management",1,PC,23
25786,Communication,Telecommunications,"Stock control & order processing",Enhancement,Multi,3GL,Java,537,5717,4688,-1,,"Waterfall (incl Linear Processing & SSADM)",-1,Communication,189,Telecommunications,150,"Stock control & order processing",8,Multi,281
25885,Banking,Banking,"Financial transaction process/accounting",Enhancement,MF,3GL,PL/I,36,129,120,-1,"IMS/DB,DC","Waterfall (incl Linear Processing & SSADM)",-1,Banking,19,Banking,19,"Financial transaction process/accounting",187,MF,78
25916,Communication,"Virtual Assistants (Lingubots)","Artifical Intelligence based engine",Re-development,PC,3GL,C++,657,21590,17920,16,MySQL,"Unified Process",-1,Communication,189,"Virtual Assistants (Lingubots)",1,"Artifical Intelligence based engine",1,PC,23
25926,Government,"Public AdministrationCommunity ServicesInsurance","Transaction/Production System",Enhancement,MF,3GL,COBOL,601,1193,1193,11,DB2,"Joint Application Development (JAD)Rapid Application Development (RAD)",-1,Government,27,"Public AdministrationCommunity ServicesInsurance",3,"Transaction/Production System",24,MF,78
25931,Insurance,Insurance,"Customer relationship management",Enhancement,PC,3GL,Java,70,1241,1018,6,DB2,"Multifunctional TeamsWaterfall (incl Linear Processing & SSADM)",3000,Insurance,53,Insurance,53,"Customer relationship management",33,PC,23
25975,Utilities,Energy,Transportation,"New Development",MF,4GL,SQL,605,752,752,3,DB2,,-1,Utilities,3,Energy,1,Transportation,1,MF,78
25979,Insurance,Insurance,"Financial transaction process/accounting",Enhancement,MF,3GL,Java,1148,48083,13944,-1,"DB2 UDB for AIX7.2.2","Waterfall (incl Linear Processing & SSADM)",-1,Insurance,53,Insurance,53,"Financial transaction process/accounting",187,MF,78
26007,Communication,Telecommunications,"Customer relationship management",Enhancement,,3GL,Java,547,4967,4560,-1,,"Waterfall (incl Linear Processing & SSADM)",-1,Communication,189,Telecommunications,150,"Customer relationship management",33,Multi,281
26047,,,,Enhancement,,3GL,Java,79,2451,2451,-1,,,-1,Communication,189,Telecommunications,150,"Financial transaction process/accounting",187,Multi,281
26096,,,,Enhancement,MF,3GL,COBOL,90,3261,3261,-1,,,-1,Communication,189,Telecommunications,150,"Financial transaction process/accounting",187,MF,78
26105,"Medical & Health Care","Medical and Health Care","not recorded",Enhancement,,,,57,3746,3746,57,,,-1,"Medical & Health Care",57,"Medical and Health Care",57,"Financial transaction process/accounting",187,Multi,281
26137,"Medical & Health Care","Medical and Health Care","not recorded",Enhancement,,,,91,3667,3667,67,,,-1,"Medical & Health Care",57,"Medical and Health Care",57,"Financial transaction process/accounting",187,Multi,281
26156,Government,Government,"Catalogue/register of things or eventsWorkflow support & management","New Development",Multi,3GL,C#,313,5613,5613,9,DB2,,-1,Government,27,Government,19,"Catalogue/register of things or eventsWorkflow support & management",1,Multi,281
26187,Communication,Telecommunications,"Customer relationship management",Enhancement,Multi,3GL,"Visual Basic",82,1461,1198,-1,,"Waterfall (incl Linear Processing & SSADM)",-1,Communication,189,Telecommunications,150,"Customer relationship management",33,Multi,281
26199,Communication,Communications,"relatively complex application",Enhancement,MF,3GL,,17,458,458,-1,Batch,"Waterfall (incl Linear Processing & SSADM)",-1,Communication,189,Communications,34,"relatively complex application",13,MF,78
26274,Communication,Telecommunications,"Online. eSales",Enhancement,Multi,,,116,1590,1304,-1,,"Waterfall (incl Linear Processing & SSADM)",-1,Communication,189,Telecommunications,150,"Online. eSales",12,Multi,281
26284,Communication,Communications,"Decision Support System",Enhancement,MF,3GL,COBOL,143,705,705,3,,,-1,Communication,189,Communications,34,"Decision Support System",2,MF,78
26290,"Medical & Health Care","Medical and Health Care","not recorded",Enhancement,,,,35,8581,7294,53,,,-1,"Medical & Health Care",57,"Medical and Health Care",57,"Financial transaction process/accounting",187,Multi,281
26315,Insurance,Insurance,Unknown,Enhancement,,,,203,1963,1610,-1,,"Waterfall (incl Linear Processing & SSADM)",-1,Insurance,53,Insurance,53,"Financial transaction process/accounting",187,Multi,281
26339,"Wholesale & Retail",Distribution,"Inventory Control","New Development",MF,ApG,TELON,511,3500,3500,-1,IMS/DBDC,,-1,"Wholesale & Retail",5,Distribution,1,"Inventory Control",1,MF,78
26391,Communication,Telecommunications,"Data Warehouse",Enhancement,,3GL,PL/SQL,105,383,352,-1,,"Waterfall (incl Linear Processing & SSADM)",-1,Communication,189,Telecommunications,150,"Data Warehouse",10,Multi,281
26457,Insurance,Insurance,Unknown,Enhancement,,3GL,Java,128,952,781,-1,,"Waterfall (incl Linear Processing & SSADM)",-1,Insurance,53,Insurance,53,"Financial transaction process/accounting",187,Multi,281
26470,Manufacturing,Manufacturing,"Workflow support & management","New Development",Multi,3GL,"Visual Basic",236,1350,1350,-1,Exchange,"Waterfall (incl Linear Processing & SSADM)",-1,Manufacturing,12,Manufacturing,8,"Workflow support & management",5,Multi,281
26513,Communication,Telecommunications,"Customer relationship management",Enhancement,Multi,3GL,"Visual Basic",89,2159,1770,-1,,"Waterfall (incl Linear Processing & SSADM)",-1,Communication,189,Telecommunications,150,"Customer relationship management",33,Multi,281
26537,Insurance,Insurance,"Financial transaction process/accounting",Enhancement,MF,3GL,COBOL,374,5072,5072,-1,DB2/400,"Waterfall (incl Linear Processing & SSADM)",-1,Insurance,53,Insurance,53,"Financial transaction process/accounting",187,MF,78
26575,Insurance,Insurance,Unknown,Enhancement,,3GL,PL/SQL,57,302,248,-1,,"Waterfall (incl Linear Processing & SSADM)",-1,Insurance,53,Insurance,53,"Financial transaction process/accounting",187,Multi,281
26604,"Medical & Health Care","Medical and Health Care","not recorded",Enhancement,,,,23,4747,4747,85,,,-1,"Medical & Health Care",57,"Medical and Health Care",57,"Financial transaction process/accounting",187,Multi,281
26738,"Medical & Health Care","Medical and Health Care","not recorded",Enhancement,,,,28,7015,7015,64,,,-1,"Medical & Health Care",57,"Medical and Health Care",57,"Financial transaction process/accounting",187,Multi,281
26765,Communication,Communications,"Management Information System",Enhancement,MR,3GL,Java,475,2934,2435,4,Oracle,"Multifunctional TeamsRapid Application Development (RAD)",-1,Communication,189,Communications,34,"Management Information System",9,MR,18
26888,Insurance,Insurance,Unknown,Enhancement,,3GL,PL/SQL,72,772,633,-1,,"Waterfall (incl Linear Processing & SSADM)",-1,Insurance,53,Insurance,53,"Financial transaction process/accounting",187,Multi,281
26895,,,,Enhancement,MR,3GL,C++,29,203,203,-1,,,-1,Communication,189,Telecommunications,150,"Financial transaction process/accounting",187,MR,18
26925,"Medical & Health Care","Medical and Health Care","not recorded",Enhancement,,,,7,771,686,26,,,-1,"Medical & Health Care",57,"Medical and Health Care",57,"Financial transaction process/accounting",187,Multi,281
26994,Government,GovernmentDefence,Reporting,Enhancement,MF,3GL,COBOL,26,538,538,-1,,,-1,Government,27,GovernmentDefence,2,Reporting,2,MF,78
26997,Insurance,Insurance,"Online Insurance product comparision tool",Enhancement,MR,4GL,XML,169,1327,1208,5,DB2,"Multifunctional TeamsWaterfall (incl Linear Processing & SSADM)",-1,Insurance,53,Insurance,53,"Online Insurance product comparision tool",1,MR,18
27060,Financial,"Financial, Property & Business Services","Transaction/Production System","New Development",MF,,,2906,37320,37320,-1,DB2,"Rapid Application Development (RAD)",-1,Financial,18,"Financial, Property & Business Services",17,"Transaction/Production System",24,MF,78
27151,Communication,Telecommunications,"Customer relationship management",Enhancement,Multi,3GL,PL/SQL,324,1063,872,-1,,"Waterfall (incl Linear Processing & SSADM)",-1,Communication,189,Telecommunications,150,"Customer relationship management",33,Multi,281
27171,,,"Financial application area",Enhancement,Multi,4GL,,38,327,327,-1,Interactive,,-1,Communication,189,Telecommunications,150,"Financial application area",12,Multi,281
27245,"Medical & Health Care","Medical and Health Care","not recorded",Enhancement,,,,36,2020,1414,13,,,-1,"Medical & Health Care",57,"Medical and Health Care",57,"Financial transaction process/accounting",187,Multi,281
27357,Communication,Communications,"Transaction/Production System","New Development",MR,,,796,5864,4867,14,Oracle,"Joint Application Development (JAD)Rapid Application Development (RAD)",-1,Communication,189,Communications,34,"Transaction/Production System",24,MR,18
27361,Communication,Telecommunications,"Data or database management",Enhancement,,,Unknown,420,539,444,-1,,"Waterfall (incl Linear Processing & SSADM)",-1,Communication,189,Telecommunications,150,"Data or database management",2,Multi,281
27423,Insurance,Insurance,,Enhancement,,3GL,PL/SQL,50,193,177,-1,,"Waterfall (incl Linear Processing & SSADM)",-1,Insurance,53,Insurance,53,"Financial transaction process/accounting",187,Multi,281
27574,,,,Enhancement,,,,503,482,482,3,,,-1,Communication,189,Telecommunications,150,"Financial transaction process/accounting",187,Multi,281
27727,Communication,Communications,"Transaction/Production System","New Development",,3GL,PERIPHONICS,128,5960,4947,15,,,-1,Communication,189,Communications,34,"Transaction/Production System",24,Multi,281
27743,"Medical & Health Care","Medical and Health Care","not recorded",Enhancement,,,,12,8062,8062,75,,,-1,"Medical & Health Care",57,"Medical and Health Care",57,"Financial transaction process/accounting",187,Multi,281
27745,"Medical & Health Care","Medical and Health Care","not recorded",Enhancement,,,,50,20092,20092,135,,,-1,"Medical & Health Care",57,"Medical and Health Care",57,"Financial transaction process/accounting",187,Multi,281
27858,Communication,Telecommunications,"Customer billing",Enhancement,,3GL,PL/SQL,180,1408,1160,-1,,"Waterfall (incl Linear Processing & SSADM)",-1,Communication,189,Telecommunications,150,"Customer billing",4,Multi,281
