PryId,DatQltRtn,UfpRtn,CouApp,RscLvl,IndSct,OrgTyp,AppTyp,DvlTyp,DvlPlt,LngTyp,PrgLng1,FncSze,NWELL1,SmmWrkEff,PrjElpTme,MaxTeaSze,DBMS1,DvlMtd,LOC,TtlPrjCst
10003,B,B,IFPUG 4+,1,Communication,Telecommunications,Online. eSales,Enhancement,Multi,,,67,741,608,4,-1,,Waterfall (incl Linear Processing & SSADM),-1,-1
10019,B,B,IFPUG 4+,1,Communication,Telecommunications,Data Warehouse,Enhancement,Multi,3GL,Shell,98,324,266,4,-1,,Waterfall (incl Linear Processing & SSADM),-1,-1
10104,B,A,IFPUG 4+,1,,,,Enhancement,,4GL,Oracle,7,396,396,2,-1,,,-1,-1
10267,B,A,IFPUG 4+,1,Communication,Telecommunications,Customer relationship management,Enhancement,,4GL,Amdocs framework,107,1380,1137,4,-1,,Waterfall (incl Linear Processing & SSADM),-1,-1
10388,A,A,IFPUG 4+,1,Service Industry,Citizens and the Municipalities,Stock control & order processing,Enhancement,Multi,4GL,ASP.Net,139,5062,5062,11,10,,,-1,-1
10496,B,B,IFPUG 4+,1,Medical & Health Care,Medical and Health Care,not recorded,Enhancement,,,,47,2450,2450,24,36,,,-1,104783
10566,B,A,IFPUG 4+,1,Service Industry,Recreation & Personnel Services,Financial transaction process/accounting,New Development,MR,4GL,SQL,359,8580,8580,9,-1,Oracle,Waterfall (incl Linear Processing & SSADM),-1,-1
10621,B,A,IFPUG 4+,1,Banking,Banking,Financial transaction process/accounting,Enhancement,MF,3GL,RPG,255,185,172,3,-1,RDB400,Waterfall (incl Linear Processing & SSADM),-1,-1
10632,B,B,IFPUG 4+,1,Communication,Telecommunications,Customer relationship management,Enhancement,,,,185,1821,1672,5,-1,,Waterfall (incl Linear Processing & SSADM),-1,-1
10649,B,A,IFPUG 4+,1,,,,Enhancement,,4GL,Oracle,113,1847,1847,3,-1,,,-1,-1
10667,B,A,IFPUG 4+,1,Communication,Telecommunications,Customer relationship management,Enhancement,,4GL,Amdocs framework,56,119,98,2,-1,,Waterfall (incl Linear Processing & SSADM),-1,-1
10750,B,B,IFPUG 4+,1,Medical & Health Care,Medical and Health Care,not recorded,Enhancement,,,,16,812,812,11,20,,,-1,37344
10896,B,B,IFPUG 4+,1,Insurance,Insurance,,Enhancement,,,Mixed,95,194,178,10,-1,,Waterfall (incl Linear Processing & SSADM),-1,-1
10929,B,B,IFPUG 4+,1,Medical & Health Care,Medical and Health Care,not recorded,Enhancement,,,,40,3567,2818,16,33,,,-1,132783
10960,B,A,IFPUG 4+,1,Communication,Telecommunications,Other,Enhancement,,3GL,Java,107,782,645,3,-1,,Waterfall (incl Linear Processing & SSADM),-1,-1
10997,B,A,IFPUG 4+,1,Banking,Banking,Transaction/Production System,New Development,MF,3GL,COBOL,200,1935,1935,7,6,IMS,,-1,-1
11044,B,A,IFPUG 4+,1,Banking,Banking,Management Information System,Enhancement,MF,3GL,COBOL,170,2192,1973,-1,-1,IMS,Multifunctional Teams,-1,-1
11055,B,A,IFPUG 4+,1,Service Industry,Wholesale & Retail TradeTransport & Storage,Financial transaction process/accounting,Enhancement,MR,3GL,C#,81,360,360,4,3,,,-1,-1
11083,A,B,IFPUG 4+,1,Government,Government,Workflow support & management,New Development,Multi,4GL,ABAP,228,2877,2877,4,9,DB2,,-1,-1
11101,B,A,IFPUG 4+,1,,,,Enhancement,,4GL,Visual C++,78,336,336,3,5,,,8200,-1
11113,B,B,IFPUG 4+,1,Communication,Telecommunications,,Enhancement,MR,4GL,ColdFusion,579,2260,2057,8,4,SQL Server,,-1,-1
11132,B,B,IFPUG 4+,1,,,Financial application area,Enhancement,Multi,3GL,Java,58,278,278,2,-1,Interactive,,-1,-1
11251,B,A,IFPUG 4+,1,Government,Government,Customer billing/relationship management,New Development,Multi,3GL,C#,733,4544,4544,13,5,DB2,,-1,-1
11339,B,A,IFPUG 4+,1,,,,Enhancement,,,,156,901,748,4,-1,,,-1,-1
11389,B,B,IFPUG 4+,1,,,,New Development,,,Groovy,630,5930,4756,6,-1,,Agile Development,-1,-1
11436,B,A,IFPUG 4+,1,Banking,Banking,Sales contact management,New Development,MR,3GL,C,599,9058,9058,8,-1,Oracle,Waterfall (incl Linear Processing & SSADM),-1,-1
11493,B,B,IFPUG 4+,1,Medical & Health Care,Medical and Health Care,not recorded,Enhancement,,,,10,1675,1675,13,47,,,-1,95691
11527,B,B,IFPUG 4+,1,Communication,Telecommunications,Data Warehouse,Enhancement,Multi,3GL,Shell,151,2810,2304,5,-1,,Waterfall (incl Linear Processing & SSADM),-1,-1
11569,B,B,IFPUG 4+,1,Communication,Telecommunications,Financial transaction process/accounting,Enhancement,Multi,4GL,ABAP,64,2537,2080,8,-1,,Waterfall (incl Linear Processing & SSADM),-1,-1
11714,B,A,IFPUG 4+,1,Banking,Banking,Transaction/Production System,New Development,MF,ApG,TELON,109,2212,2212,9,6,IMS,,-1,-1
11755,B,A,IFPUG 4+,1,Electronics & Computers,Computers & Software,Financial transaction process/accounting,New Development,PC,4GL,ABAP,62,2640,1980,2,-1,Oracle,Waterfall (incl Linear Processing & SSADM),-1,-1
11763,B,B,IFPUG 4+,1,Communication,Telecommunications,Customer relationship management,Enhancement,Multi,3GL,PL/SQL,164,2501,2051,3,-1,,Waterfall (incl Linear Processing & SSADM),-1,-1
11785,B,B,IFPUG 4+,1,Communication,Telecommunications,Data Warehouse,Enhancement,Multi,3GL,Shell,362,3376,2768,4,-1,,Waterfall (incl Linear Processing & SSADM),-1,-1
11993,B,B,IFPUG 4+,1,Communication,Telecommunications,Other: Integration,Enhancement,,,,64,1047,961,4,-1,,Waterfall (incl Linear Processing & SSADM),-1,-1
12019,B,B,IFPUG 4+,1,Medical & Health Care,Medical and Health Care,not recorded,Enhancement,,,,22,1236,1125,6,26,,,-1,60462
12038,B,B,IFPUG 4+,1,Communication,Communications,relatively complex application,Enhancement,MF,3GL,,19,136,136,-1,-1,Batch,Waterfall (incl Linear Processing & SSADM),-1,-1
12060,B,B,IFPUG 4+,1,Wholesale & Retail,Wholesale & Retail Trade,Inventory Management,New Development,PC,4GL,DELPHI,1083,2042,2042,7,2,,Rapid Application Development (RAD),-1,-1
12082,B,A,IFPUG 4+,1,Manufacturing,Manufacturing,Financial transaction process/accounting,New Development,MF,4GL,EASYTRIEVE,782,2519,2343,-1,-1,DATACOM,Waterfall (incl Linear Processing & SSADM),-1,-1
12097,B,B,IFPUG 4+,1,Communication,Telecommunications,Online. eSales,Enhancement,Multi,,,54,878,720,2,-1,,Waterfall (incl Linear Processing & SSADM),-1,-1
12146,A,B,IFPUG 4+,1,Service Industry,GovernmentCommunity Services,Logistic or supply planning & controlManagement or performance reportingPersonal productivity (e.g. spreadsheet)Workflow support & management,Enhancement,Multi,4GL,PowerBuilder,696,6023,6023,13,10,Oracle,,-1,-1
12152,B,B,IFPUG 4+,1,Medical & Health Care,Medical and Health Care,not recorded,Enhancement,,,,27,1075,1075,9,20,,,-1,36395
12153,B,B,IFPUG 4+,1,Electronics & Computers,Computers & Software,Call Center Management,New Development,PC,4GL,DELPHI,24,40,41,1,1,,Rapid Application Development (RAD),-1,-1
12174,A,A,IFPUG 4+,1,Communication,Communications,Decision Support System,New Development,PC,3GL,Visual Basic,181,1824,1514,6,5,Oracle,Rapid Application Development (RAD),-1,-1
12175,B,B,IFPUG 4+,1,,,Financial application area,Enhancement,Multi,3GL,Java,176,1214,1214,5,-1,Interactive,,-1,-1
12181,B,B,IFPUG 4+,1,Medical & Health Care,Medical and Health Care,not recorded,Enhancement,,,,6,1299,1299,8,32,,,-1,90252
12202,B,A,IFPUG 4+,1,Manufacturing,Manufacturing,Stock control & order processing,Enhancement,Multi,3GL,C,116,1512,1512,4,-1,Oracle,Waterfall (incl Linear Processing & SSADM),-1,-1
12204,B,A,IFPUG 4+,1,Construction,Construction,Financial transaction process/accounting,New Development,Multi,3GL,Visual Basic,703,2511,2335,3,-1,Oracle 7.3.3,Waterfall (incl Linear Processing & SSADM),-1,-1
12305,B,B,IFPUG 4+,1,Communication,Telecommunications,Online. eSales,Enhancement,Multi,,,100,1146,940,2,-1,,Waterfall (incl Linear Processing & SSADM),-1,-1
12344,B,B,IFPUG 4+,1,Communication,Telecommunications,Integration,Enhancement,Multi,3GL,TIBCO,126,3141,2576,4,-1,,Waterfall (incl Linear Processing & SSADM),-1,-1
12365,A,A,IFPUG 4+,1,Communication,Communications,Management Information System,Enhancement,MR,4GL,Oracle,322,973,973,3,5,Oracle,,-1,-1
12377,B,A,IFPUG 4+,1,Financial,"Financial, Property & Business Services",Financial transaction process/accounting,Enhancement,MF,3GL,PL/I,14,179,167,1,-1,DB2,Waterfall (incl Linear Processing & SSADM),-1,-1
12410,A,B,IFPUG 4+,1,Communication,Communications,Transaction/Production System,Enhancement,MR,4GL,SQL,173,2890,2399,3,10,Oracle,,-1,-1
12529,B,A,IFPUG 4+,1,Financial,"Financial, Property & Business Services",Financial transaction process/accounting,Enhancement,MF,4GL,Oracle,103,673,673,-1,-1,Interactive,,-1,-1
12573,B,A,IFPUG 4+,1,Manufacturing,Manufacturing,Management system,New Development,PC,3GL,PL/SQL,1216,2228,1671,3,-1,Oracle,Waterfall (incl Linear Processing & SSADM),-1,-1
12667,B,A,IFPUG 4+,1,Banking,Banking,Financial transaction process/accounting,Enhancement,MR,3GL,C++,1307,6600,6600,5,-1,HIRDB,Waterfall (incl Linear Processing & SSADM),-1,-1
12684,B,B,IFPUG 4+,1,Communication,Telecommunications,Workflow support & management,Enhancement,Multi,,,66,621,509,2,-1,,Waterfall (incl Linear Processing & SSADM),-1,-1
12712,B,B,IFPUG 4+,1,Medical & Health Care,Medical and Health Care,not recorded,Enhancement,,,,86,6113,6113,9,69,,,-1,257387
12728,B,A,IFPUG 4+,1,,,,Enhancement,,,,641,508,472,3,2,,,-1,-1
12888,B,B,IFPUG 4+,1,Communication,Telecommunications,Data Warehouse,Enhancement,,3GL,PL/SQL,186,880,808,2,-1,,Waterfall (incl Linear Processing & SSADM),-1,-1
13137,B,B,IFPUG 4+,1,Communication,Telecommunications,Workflow support & management,Enhancement,Multi,3GL,Java,193,5332,4372,-1,-1,,Waterfall (incl Linear Processing & SSADM),-1,-1
13169,B,A,IFPUG 4+,1,,,,New Development,,,,1433,3838,3838,5,13,,,-1,-1
13217,B,A,IFPUG 4+,1,,,,New Development,,3GL,JavaScript,1198,33206,33206,-1,-1,Interactive,,-1,-1
13246,B,A,IFPUG 4+,1,Insurance,Insurance,Financial transaction process/accounting,Enhancement,MF,3GL,COBOL,227,2700,2700,6,-1,IMS,Waterfall (incl Linear Processing & SSADM),-1,-1
13273,B,B,IFPUG 4+,1,Medical & Health Care,Medical and Health Care,not recorded,Enhancement,,,,54,11565,11565,13,86,,,-1,570142
13303,B,A,IFPUG 4+,1,Insurance,Insurance,Financial transaction process/accounting,New Development,Multi,3GL,Visual Basic,92,3889,3889,4,-1,No,Waterfall (incl Linear Processing & SSADM),-1,-1
13367,B,A,IFPUG 4+,1,Communication,Voice Provisioning,Voice Provisioning,Enhancement,,3GL,C++,88,5242,5242,-1,-1,,,-1,-1
13403,A,A,IFPUG 4+,1,Communication,Communications,Telecom Data Circuits,Enhancement,MF,3GL,C++,184,1830,1830,4,6,Oracle,,-1,-1
13597,B,A,IFPUG 4+,1,Service Industry,Food Processing,Financial transaction process/accounting,New Development,MR,,APPS,1220,7634,7100,11,-1,Oracle 8,Waterfall (incl Linear Processing & SSADM),-1,-1
13652,B,A,IFPUG 4+,1,Communication,Telecommunications,Customer relationship management,Enhancement,,4GL,Amdocs framework,77,1402,1156,2,-1,,Waterfall (incl Linear Processing & SSADM),-1,-1
13680,B,A,IFPUG 4+,1,Financial,"Financial, Property & Business Services",Financial transaction process/accounting,Enhancement,MF,3GL,C,89,983,983,-1,-1,Interactive,,-1,-1
13712,B,A,IFPUG 4+,1,,,,Enhancement,,,,39,823,823,2,3,,,-1,-1
13795,B,A,IFPUG 4+,1,,,,Enhancement,,4GL,Oracle,63,865,865,5,-1,,,-1,-1
13884,B,A,IFPUG 4+,1,,,,Enhancement,,,,26,184,136,1,2,,,-1,-1
13896,B,A,IFPUG 4+,1,Service Industry,Community Services,Document management,Enhancement,PC,3GL,PL/SQL,50,1136,1136,5,-1,Oracle 8.1.6,Waterfall (incl Linear Processing & SSADM),-1,-1
13915,B,B,IFPUG 4+,1,Communication,Telecommunications,Customer relationship management,Enhancement,,3GL,Java,123,723,664,4,-1,,Waterfall (incl Linear Processing & SSADM),-1,-1
13981,B,A,IFPUG 4+,1,Insurance,Insurance,Sales promotion tool,New Development,PC,3GL,Visual Basic,895,4998,4648,5,-1,SQL Server,Waterfall (incl Linear Processing & SSADM),-1,-1
14078,B,B,IFPUG 4+,1,Communication,Telecommunications,Customer relationship management,Enhancement,Multi,,,53,506,415,-1,-1,,Waterfall (incl Linear Processing & SSADM),-1,-1
14091,B,A,IFPUG 4+,1,Communication,Telecommunications,Customer relationship management,Enhancement,,4GL,Amdocs framework,52,767,632,4,-1,,Waterfall (incl Linear Processing & SSADM),-1,-1
14157,B,A,IFPUG 4+,1,Insurance,Insurance,Financial transaction process/accounting,New Development,PC,3GL,COBOL,396,8228,7652,13,-1,No,Waterfall (incl Linear Processing & SSADM),-1,-1
14228,A,A,IFPUG 4+,1,Communication,Communications,Transaction/Production System,Enhancement,,3GL,COBOL,81,129,129,7,2,,,-1,-1
14257,A,A,IFPUG 4+,1,Utilities,"Electricity, Gas, Water",Reconciliation,New Development,MF,3GL,PL/I,100,440,440,3,1,IMS,,-1,-1
14289,A,A,IFPUG 4+,1,Government,GovernmentDanish citizens,Catalogue/register of things or eventsProcessing application for public subsidies,Enhancement,Multi,3GL,C#,154,2009,2009,4,7,No,Unified Process,-1,-1
14374,B,A,IFPUG 4+,1,Banking,Banking,Financial transaction process/accounting,New Development,MF,3GL,PL/I,192,4386,4386,3,-1,DB2,Waterfall (incl Linear Processing & SSADM),-1,-1
14410,A,A,IFPUG 4+,1,Government,Government,Management of Licences and Permits,Enhancement,MF,ApG,COOL:Gen,272,3347,3347,13,-1,,,-1,-1
14422,B,B,IFPUG 4+,1,,,,New Development,,3GL,Java,2043,23271,22014,17,-1,,Waterfall (incl Linear Processing & SSADM),-1,-1
14439,A,A,IFPUG 4+,1,Government,Government,Management of Licences and Permits,Enhancement,MF,ApG,COOL:Gen,57,1810,1810,7,-1,,,-1,-1
14466,B,B,IFPUG 4+,1,Insurance,Insurance,Unknown,Enhancement,,4GL,NATURAL,84,867,711,5,-1,,Waterfall (incl Linear Processing & SSADM),-1,-1
14483,B,B,IFPUG 4+,1,Communication,Telecommunications,Customer relationship management,Enhancement,Multi,3GL,PL/SQL,67,995,816,4,-1,,Waterfall (incl Linear Processing & SSADM),-1,-1
14494,B,B,IFPUG 4+,1,Medical & Health Care,Medical and Health Care,not recorded,Enhancement,,,,18,1672,1672,24,52,,,-1,104406
14544,B,B,IFPUG 4+,1,Medical & Health Care,Medical and Health Care,not recorded,Enhancement,,,,4,1330,1064,8,20,,,-1,54183
14712,B,A,IFPUG 4+,1,Insurance,Insurance,Financial transaction process/accounting,Enhancement,Multi,3GL,Visual Basic,385,7352,7352,3,-1,ISAM,Waterfall (incl Linear Processing & SSADM),-1,-1
14715,B,B,IFPUG 4+,1,Communication,Telecommunications,Online. eSales,Enhancement,Multi,,,62,790,648,5,-1,,Waterfall (incl Linear Processing & SSADM),-1,-1
14758,B,A,IFPUG 4+,1,Insurance,Insurance,Financial transaction process/accounting,Enhancement,Multi,3GL,Visual Basic,97,3862,3592,3,-1,DB2/400,Waterfall (incl Linear Processing & SSADM),-1,-1
14764,B,A,IFPUG 4+,1,Banking,Banking,Management Information System,Enhancement,MF,3GL,COBOL,57,1179,1179,-1,-1,IMS,,-1,-1
14780,B,B,IFPUG 4+,1,Communication,Telecommunications,Geographic Information System,Enhancement,Multi,,,108,671,550,5,-1,,Waterfall (incl Linear Processing & SSADM),-1,-1
14879,B,B,IFPUG 4+,1,Communication,Communications,relatively complex application,Enhancement,MF,3GL,,271,3303,3303,-1,-1,Interactive,Waterfall (incl Linear Processing & SSADM),-1,-1
14892,B,B,IFPUG 4+,1,Communication,Telecommunications,Customer relationship management,Enhancement,,3GL,Java,195,2170,1992,3,-1,,Waterfall (incl Linear Processing & SSADM),-1,-1
14959,B,A,IFPUG 4+,1,Communication,Telecommunications,Customer relationship management,Enhancement,,4GL,Amdocs framework,59,811,668,3,-1,,Waterfall (incl Linear Processing & SSADM),-1,-1
14968,B,B,IFPUG 4+,1,Medical & Health Care,Medical and Health Care,not recorded,Enhancement,,,,21,141,120,3,7,,,-1,2952
14972,B,A,IFPUG 4+,1,Insurance,Insurance,Sales contact management,New Development,MF,3GL,COBOL,236,7704,5778,9,-1,IMS,Waterfall (incl Linear Processing & SSADM),-1,-1
15008,B,B,IFPUG 4+,1,,,Financial application area,New Development,Multi,3GL,Java,116,626,626,3,-1,Interactive,,-1,-1
15009,B,B,IFPUG 4+,1,Communication,Communications,relatively complex application,Enhancement,Multi,3GL,,14,434,434,-1,-1,Interactive,Waterfall (incl Linear Processing & SSADM),-1,-1
15047,B,A,IFPUG 4+,1,Financial,"Financial, Property & Business Services",Financial transaction process/accounting,Enhancement,MF,4GL,PowerBuilder,60,304,304,-1,-1,Interactive,,-1,-1
15123,B,A,IFPUG 4+,1,Insurance,Insurance,Financial transaction process/accounting,New Development,MR,3GL,Java,775,5592,5200,6,-1,DB2,Waterfall (incl Linear Processing & SSADM),-1,-1
15149,B,B,IFPUG 4+,1,Communication,Telecommunications,Customer relationship management,Enhancement,Multi,3GL,Java,167,473,388,4,-1,,Waterfall (incl Linear Processing & SSADM),-1,-1
15197,A,B,IFPUG 4+,1,Government,Government,"Job, case, incident, project management",Re-development,PC,3GL,C#,253,12601,11719,13,13,DB2,,-1,-1
15211,B,B,IFPUG 4+,1,Insurance,Insurance,Unknown,Enhancement,,3GL,Java,146,1770,1451,5,-1,,Waterfall (incl Linear Processing & SSADM),-1,-1
15240,B,A,IFPUG 4+,1,Banking,Banking,Management system,New Development,MF,3GL,PL/I,228,8631,8027,8,-1,DB2,Waterfall (incl Linear Processing & SSADM),-1,-1
15351,A,B,IFPUG 4+,1,Communication,Communications,Telecom & network management,Enhancement,,3GL,C,468,10498,8713,10,28,,,-1,-1
15371,B,B,IFPUG 4+,1,Communication,Communications,relatively complex application,Enhancement,Multi,3GL,,372,8604,8604,-1,-1,Interactive,Waterfall (incl Linear Processing & SSADM),-1,-1
15402,B,A,IFPUG 4+,1,,,,New Development,,3GL,Visual Basic,224,2444,2444,6,-1,,,33500,-1
15409,B,B,IFPUG 4+,1,Insurance,Insurance,Unknown,Enhancement,,,,132,418,343,2,-1,,Waterfall (incl Linear Processing & SSADM),-1,-1
15436,B,B,IFPUG 4+,1,,,,New Development,,4GL,.Net,95,474,380,1,-1,,Waterfall (incl Linear Processing & SSADM),-1,-1
15489,B,B,IFPUG 4+,1,Communication,Telecommunications,Integration,Enhancement,,3GL,TIBCO,72,3407,2794,11,-1,,Waterfall (incl Linear Processing & SSADM),-1,-1
15561,B,A,IFPUG 4+,1,Financial,"Financial, Property & Business Services",Financial transaction process/accounting,Enhancement,MF,3GL,"Shell, C",112,1597,1597,-1,-1,Interactive,,-1,-1
15593,B,A,IFPUG 4+,1,Communication,Telecommunications,Content Management,Enhancement,,3GL,Java,163,2064,1701,3,-1,,Waterfall (incl Linear Processing & SSADM),-1,-1
15622,B,B,IFPUG 4+,1,Medical & Health Care,Medical and Health Care,not recorded,Enhancement,,,,114,15480,15480,16,91,,,-1,864252
15670,B,B,IFPUG 4+,1,Insurance,Insurance,,Enhancement,,3GL,PL/SQL,56,90,83,3,-1,,Waterfall (incl Linear Processing & SSADM),-1,-1
15689,B,A,IFPUG 4+,1,Communication,Telecommunications,Customer relationship management,Enhancement,,4GL,Amdocs framework,135,2184,1800,6,-1,,Waterfall (incl Linear Processing & SSADM),-1,-1
15724,B,B,IFPUG 4+,1,Communication,Telecommunications,Online. eSales,Enhancement,Multi,,,77,488,400,-1,-1,,Waterfall (incl Linear Processing & SSADM),-1,-1
15732,B,B,IFPUG 4+,1,Communication,Telecommunications,Customer relationship management,Enhancement,,3GL,Java,212,2849,2616,7,-1,,Waterfall (incl Linear Processing & SSADM),-1,-1
15733,B,B,IFPUG 4+,1,Medical & Health Care,Medical and Health Care,not recorded,Enhancement,,,,87,4820,4820,13,21,,,-1,296816
15745,B,A,IFPUG 4+,1,,,,Enhancement,,,,76,37,37,1,-1,,,-1,-1
15823,A,A,IFPUG 4+,1,Government,Government,Management of Licences and Permits,Enhancement,MF,ApG,COOL:Gen,251,4093,3725,16,-1,,,-1,-1
15850,B,B,IFPUG 4+,1,Medical & Health Care,Medical and Health Care,not recorded,Enhancement,,,,4,494,395,5,9,,,-1,23572
15947,B,B,IFPUG 4+,1,Medical & Health Care,Medical and Health Care,not recorded,Enhancement,,,,7,1466,953,6,7,,,-1,42778
16165,A,A,IFPUG 4+,1,Government,Government,Management of Licences and Permits,Enhancement,MF,ApG,COOL:Gen,155,3864,3516,20,-1,,,-1,-1
16185,B,A,IFPUG 4+,1,Financial,"Financial, Property & Business Services",Financial transaction process/accounting,Enhancement,MF,4GL,Oracle,89,2823,2823,-1,-1,Interactive,,-1,-1
16190,A,A,IFPUG 4+,1,Government,Government,Management of Licences and Permits,Enhancement,MF,ApG,COOL:Gen,53,927,686,3,-1,,,-1,-1
16191,B,B,IFPUG 4+,1,Communication,Telecommunications,Online. eSales,Enhancement,Multi,,,105,2020,1656,-1,-1,,Waterfall (incl Linear Processing & SSADM),-1,-1
16196,A,A,IFPUG 4+,1,Government,Public AdministrationCommunity ServicesInsurance,Transaction/Production System,New Development,MF,3GL,COBOL,57,623,623,1,4,DB2,,-1,-1
16232,B,A,IFPUG 4+,1,,,,New Development,,,,759,1100,110,-1,-1,,,-1,-1
16330,B,B,IFPUG 4+,1,Insurance,Insurance,,Enhancement,,,Mixed,56,138,127,3,-1,,Waterfall (incl Linear Processing & SSADM),-1,-1
16431,B,B,IFPUG 4+,1,Medical & Health Care,Medical and Health Care,not recorded,Enhancement,,,,72,9957,9957,23,60,,,-1,397431
16439,B,B,IFPUG 4+,1,Medical & Health Care,Medical and Health Care,not recorded,Enhancement,,,,10,2188,2188,11,39,,,-1,127124
16466,A,B,IFPUG 4+,1,Service Industry,GovernmentCommunity Services,Management or performance reportingComplex process control,Enhancement,PC,3GL,Visual Basic,245,1149,1149,7,5,MS SQL,,-1,-1
16467,B,A,IFPUG 4+,1,,,,New Development,,4GL,SQL,693,12510,12510,20,9,,,146000,-1
16525,B,A,IFPUG 4+,1,,Maintenance,Maintenance,Enhancement,MF,3GL,C++,283,13716,13716,-1,-1,,,-1,-1
16534,B,B,IFPUG 4+,1,Communication,Telecommunications,Online. eSales,Enhancement,Multi,,,107,2332,1912,4,-1,,Waterfall (incl Linear Processing & SSADM),-1,-1
16645,A,B,IFPUG 4+,1,Communication,Communications,Transaction/Production System,Enhancement,MR,4GL,Oracle,222,2007,1666,8,6,Oracle,,-1,-1
16682,A,A,IFPUG 4+,1,Financial,"GovernmentFinancial, Property & Business Services",Financial transaction process/accounting,Enhancement,Multi,4GL,SQL,169,778,778,5,3,SQL,,-1,-1
16685,A,A,IFPUG 4+,1,Financial,"Financial, Property & Business Services",Office Automation System,Enhancement,PC,3GL,C++,1317,13353,13353,12,-1,Oracle,Joint Application Development (JAD),-1,-1
16701,B,A,IFPUG 4+,1,Banking,Banking,Financial transaction process/accounting,Enhancement,MF,3GL,PL/I,30,1037,965,-1,-1,IMS,Waterfall (incl Linear Processing & SSADM),-1,-1
16766,B,B,IFPUG 4+,1,Communication,Communications,relatively complex application,Enhancement,Multi,3GL,,57,727,727,-1,-1,Interactive,Waterfall (incl Linear Processing & SSADM),-1,-1
16771,B,A,IFPUG 4+,1,Wholesale & Retail,Billing,Billing,Enhancement,,3GL,C++,137,7862,7862,-1,-1,Oracle,,-1,-1
16819,B,B,IFPUG 4+,1,Insurance,Insurance,Unknown,Enhancement,,,,121,945,775,6,-1,,Waterfall (incl Linear Processing & SSADM),-1,-1
16843,B,A,IFPUG 4+,1,Communication,Telecommunications,Data or database management,Enhancement,,,Unknown,333,2175,1792,3,-1,,Waterfall (incl Linear Processing & SSADM),-1,-1
16875,B,B,IFPUG 4+,1,Government,GovernmentDefence,Reporting,Enhancement,MF,3GL,COBOL,37,774,774,22,-1,,,-1,25217
16886,B,B,IFPUG 4+,1,,,Financial application area,New Development,Multi,3GL,Java,88,440,440,3,-1,Interactive,,-1,-1
16889,B,A,IFPUG 4+,1,Manufacturing,Manufacturing,,New Development,PC,3GL,Java,177,1946,1946,6,7,Oracle,,-1,-1
16932,B,B,IFPUG 4+,1,Communication,Telecommunications,Customer relationship management,Enhancement,Multi,3GL,Java,188,1298,1064,2,-1,,Waterfall (incl Linear Processing & SSADM),-1,-1
16963,B,B,IFPUG 4+,1,Communication,Telecommunications,Customer relationship management,Enhancement,Multi,3GL,Visual Basic,87,1280,1050,2,-1,,Waterfall (incl Linear Processing & SSADM),-1,-1
16997,B,A,IFPUG 4+,1,Insurance,Insurance,Financial transaction process/accounting,Enhancement,MF,3GL,COBOL,151,3540,2655,9,-1,IMS,Waterfall (incl Linear Processing & SSADM),-1,-1
17078,B,B,IFPUG 4+,1,Communication,Telecommunications,Data Warehouse,Enhancement,Multi,3GL,Shell,100,1093,896,7,-1,,Waterfall (incl Linear Processing & SSADM),-1,-1
17117,B,B,IFPUG 4+,1,Insurance,Insurance,Unknown,Enhancement,,4GL,NATURAL,86,273,224,2,-1,,Waterfall (incl Linear Processing & SSADM),-1,-1
17172,B,B,IFPUG 4+,1,Insurance,Insurance,,Enhancement,,4GL,Visual Fox,138,1240,1138,5,-1,,Waterfall (incl Linear Processing & SSADM),-1,-1
17184,A,A,IFPUG 4+,1,Government,Government,Management or performance reporting,Enhancement,Multi,3GL,C#,331,3806,3806,7,9,DB2,,-1,-1
17222,B,B,IFPUG 4+,1,Insurance,Insurance,Unknown,Enhancement,,,,50,159,130,2,-1,,Waterfall (incl Linear Processing & SSADM),-1,-1
17246,B,B,IFPUG 4+,1,,,,Enhancement,MF,3GL,COBOL,27,993,993,6,-1,,,-1,-1
17279,B,A,IFPUG 4+,1,Communication,Telecommunications,Other: Online. eSales,Enhancement,,4GL,html / jsp,70,847,698,-1,-1,,Waterfall (incl Linear Processing & SSADM),-1,-1
17287,B,A,IFPUG 4+,1,,Local,Local,Enhancement,,3GL,COBOL,154,4251,4251,-1,-1,Oracle,,-1,-1
17308,B,B,IFPUG 4+,1,Medical & Health Care,Medical and Health Care,not recorded,Enhancement,,,,4,380,346,3,10,,,-1,23394
17429,B,B,IFPUG 4+,1,Medical & Health Care,Medical and Health Care,not recorded,Enhancement,,,,19,3722,3722,16,70,,,-1,213780
17455,B,A,IFPUG 4+,1,,,,Enhancement,,3GL,Java,366,7359,7359,-1,-1,,,-1,-1
17498,B,A,IFPUG 4+,1,Communication,Communications,,Enhancement,,,,49,966,802,4,2,,,-1,-1
17584,B,B,IFPUG 4+,1,Medical & Health Care,Medical and Health Care,not recorded,Enhancement,,,,25,302,275,11,14,,,-1,8083
17594,B,A,IFPUG 4+,1,Service Industry,Transport & Storage,Logistic or supply planning & control,Enhancement,Multi,4GL,SQL,497,2208,2208,12,-1,Oracle,Waterfall (incl Linear Processing & SSADM),-1,-1
17603,B,B,IFPUG 4+,1,Medical & Health Care,Medical and Health Care,not recorded,Enhancement,,,,12,1056,380,7,14,,,-1,15979
17639,A,A,IFPUG 4+,1,Communication,Communications,Transaction/Production System,Enhancement,MR,4GL,Oracle,115,2802,2326,3,9,Oracle,,-1,-1
17663,A,A,IFPUG 4+,1,Communication,Communications,Transaction/Production System,Enhancement,,3GL,COBOL,763,4272,3546,5,8,,,-1,-1
17743,A,A,IFPUG 4+,1,Banking,Banking,Management Information System,Enhancement,MF,3GL,COBOL,73,1404,1404,8,-1,IMS,Multifunctional Teams,-1,-1
17758,B,A,IFPUG 4+,1,,,,Enhancement,,3GL,C++,144,426,426,3,4,,,-1,-1
17872,B,A,IFPUG 4+,1,Mining,Oil & Petroleum,Complex process control,Enhancement,MF,3GL,COBOL,467,1950,1950,4,-1,DB2,Waterfall (incl Linear Processing & SSADM),-1,-1
17903,B,A,IFPUG 4+,1,Manufacturing,Chemicals,Information systems,Enhancement,MF,3GL,Java,1557,6525,6525,6,-1,Oracle 8.1.6,Waterfall (incl Linear Processing & SSADM),-1,-1
17990,B,B,IFPUG 4+,1,Medical & Health Care,Medical and Health Care,not recorded,Enhancement,,,,85,29478,29478,12,138,,,-1,1493861
17995,B,B,IFPUG 4+,1,Communication,Telecommunications,Other: Integration,Enhancement,,,,100,1502,1379,4,-1,,Waterfall (incl Linear Processing & SSADM),-1,-1
18012,B,B,IFPUG 4+,1,Insurance,Insurance,,Enhancement,,,Mixed,93,302,277,1,-1,,Waterfall (incl Linear Processing & SSADM),-1,-1
18015,B,A,IFPUG 4+,1,,,,Enhancement,,3GL,LISP,66,406,406,2,4,,,5000,-1
18044,B,B,IFPUG 4+,1,,,,Enhancement,,3GL,Java,425,1625,1285,2,-1,,Waterfall (incl Linear Processing & SSADM),-1,-1
18088,A,A,IFPUG 4+,1,Insurance,Insurance,Workplace Savings,Enhancement,Multi,3GL,Java,337,8332,8332,7,20,DB2,Multifunctional TeamsWaterfall (incl Linear Processing & SSADM),-1,-1
18119,A,A,IFPUG 4+,1,Government,Government,IdM,Enhancement,Multi,3GL,C#,109,2715,2715,9,5,,Agile Development,-1,-1
18310,B,B,IFPUG 4+,1,Insurance,Insurance,Unknown,Enhancement,,,,58,83,68,1,-1,,Waterfall (incl Linear Processing & SSADM),-1,-1
18346,B,B,IFPUG 4+,1,Medical & Health Care,Medical and Health Care,not recorded,Enhancement,,,,25,1008,857,8,15,,,-1,35034
18361,A,B,IFPUG 4+,1,Government,Government,Management of Licences and Permits,Enhancement,Multi,3GL,Java,8,1096,855,13,-1,,,-1,-1
18387,A,A,IFPUG 4+,1,Financial,"Financial, Property & Business Services",Transaction/Production System,New Development,PC,3GL,TIBCO,106,17050,17050,18,-1,,Joint Application Development (JAD),-1,-1
18410,B,A,IFPUG 4+,1,,,,Enhancement,,3GL,COBOL,103,4496,4496,-1,-1,,,-1,-1
18417,B,B,IFPUG 4+,1,Communication,Telecommunications,Customer relationship management,Enhancement,Multi,,,142,1770,1451,6,-1,,Waterfall (incl Linear Processing & SSADM),-1,-1
18427,B,B,IFPUG 4+,1,Financial,"Financial, Property & Business Services",Transaction/Production System,New Development,MF,,,288,3840,3840,7,-1,DB2,Rapid Application Development (RAD),-1,199680
18428,B,B,IFPUG 4+,1,Communication,Telecommunications,Online. eSales,Enhancement,Multi,,,151,2737,2244,3,-1,,Waterfall (incl Linear Processing & SSADM),-1,-1
18438,B,A,IFPUG 4+,1,Banking,Banking,Financial transaction process/accounting,New Development,MF,3GL,PL/I,207,6069,5644,8,-1,DB2,Waterfall (incl Linear Processing & SSADM),-1,-1
18442,B,A,IFPUG 4+,1,Financial,"Financial, Property & Business Services",Financial transaction process/accounting,Enhancement,MF,3GL,Unix Shell,122,1596,1596,-1,-1,Interactive,,-1,-1
18459,A,B,IFPUG 4+,1,Financial,"Financial, Property & Business Services",Transaction/Production System,Enhancement,MF,,,58,1040,1040,10,-1,,,-1,-1
18498,B,B,IFPUG 4+,1,Communication,Telecommunications,Customer relationship management,Enhancement,,3GL,Java,64,1211,1112,7,-1,,Waterfall (incl Linear Processing & SSADM),-1,-1
18638,B,A,IFPUG 4+,1,,,MS Business Platform,Enhancement,,3GL,COBOL,477,2726,2726,-1,-1,,,-1,-1
18663,B,A,IFPUG 4+,1,,,,Enhancement,,,,92,315,315,2,2,,,-1,-1
18697,B,A,IFPUG 4+,1,Communication,Telecommunications,Customer relationship management,Enhancement,,4GL,Amdocs framework,106,519,428,6,-1,,Waterfall (incl Linear Processing & SSADM),-1,-1
18735,B,B,IFPUG 4+,1,Communication,Telecommunications,Customer billing,Enhancement,,3GL,PL/SQL,67,1133,1040,3,-1,,Waterfall (incl Linear Processing & SSADM),-1,-1
18746,A,B,IFPUG 4+,1,Government,GovernmentMunicipal Services,Catalogue/register of things or eventsWorkflow support & managementElectronic Data Interchange,Enhancement,Multi,3GL,C#,337,11680,11680,11,9,DB2,,-1,-1
18808,B,B,IFPUG 4+,1,Communication,Telecommunications,Customer relationship management,Enhancement,Multi,3GL,Visual Basic,91,1574,1291,3,-1,,Waterfall (incl Linear Processing & SSADM),-1,-1
18890,B,B,IFPUG 4+,1,Insurance,Insurance,Unknown,Enhancement,,,,87,112,92,2,-1,,Waterfall (incl Linear Processing & SSADM),-1,-1
18917,B,B,IFPUG 4+,1,Insurance,Insurance,,Enhancement,,4GL,ASP.Net,59,77,71,2,-1,,Waterfall (incl Linear Processing & SSADM),-1,-1
18945,B,A,IFPUG 4+,1,Financial,"Financial, Property & Business Services",Financial transaction process/accounting,Enhancement,MF,3GL,"Shell, C",88,1196,1196,-1,-1,Interactive,,-1,-1
18961,B,B,IFPUG 4+,1,Communication,Telecommunications,Stock control & order processing,Enhancement,Multi,3GL,Java,56,849,696,3,-1,,Waterfall (incl Linear Processing & SSADM),-1,-1
19040,B,B,IFPUG 4+,1,Medical & Health Care,Medical and Health Care,not recorded,Enhancement,,,,14,1898,1689,6,32,,,-1,94409
19079,B,B,IFPUG 4+,1,Medical & Health Care,Medical and Health Care,not recorded,Enhancement,,,,63,3141,2953,25,62,,,-1,125517
19114,A,B,IFPUG 4+,1,Government,GovernmentProfessional Services,Tax system,Enhancement,Multi,3GL,C#,392,15729,15729,28,12,DB2,,-1,-1
19122,B,B,IFPUG 4+,1,Communication,Telecommunications,Integration,Enhancement,Multi,3GL,TIBCO,52,820,672,11,-1,,Waterfall (incl Linear Processing & SSADM),-1,-1
19136,B,B,IFPUG 4+,1,Medical & Health Care,Medical and Health Care,not recorded,Enhancement,,,,12,1456,1456,11,46,,,-1,81012
19148,B,A,IFPUG 4+,1,,,,New Development,,3GL,C,300,889,889,11,6,,,2000,-1
19154,B,A,IFPUG 4+,1,Insurance,Insurance,Financial transaction process/accounting,New Development,MF,3GL,COBOL,6,1008,937,4,-1,DB2/400,Waterfall (incl Linear Processing & SSADM),-1,-1
19189,B,B,IFPUG 4+,1,Communication,Telecommunications,Logistic or supply planning & control,Enhancement,Multi,3GL,Java,73,1765,1447,5,-1,,Waterfall (incl Linear Processing & SSADM),-1,-1
19297,B,B,IFPUG 4+,1,Insurance,Insurance,Unknown,Enhancement,,3GL,Java,195,1211,993,7,-1,,Waterfall (incl Linear Processing & SSADM),-1,-1
19303,B,A,IFPUG 4+,1,Wholesale & Retail,Ordering,Stock control & order processing,Enhancement,MF,3GL,C,86,1102,1102,-1,-1,,,-1,-1
19403,B,B,IFPUG 4+,1,Medical & Health Care,Medical and Health Care,not recorded,Enhancement,,,,12,1320,1320,9,36,,,-1,72457
19410,B,A,IFPUG 4+,1,Banking,Banking,Financial transaction process/accounting,Enhancement,MF,3GL,PL/I,255,6069,5644,7,-1,DB2,Waterfall (incl Linear Processing & SSADM),-1,-1
19456,B,A,IFPUG 4+,1,Insurance,Insurance,Financial transaction process/accounting,Enhancement,Multi,3GL,Visual Basic,638,21564,10135,3,-1,No,Waterfall (incl Linear Processing & SSADM),-1,-1
19461,B,B,IFPUG 4+,1,Medical & Health Care,Medical and Health Care,not recorded,Enhancement,,,,35,7330,7330,21,49,,,-1,371103
19490,A,A,IFPUG 4+,1,Communication,Communications,Management Information System,Enhancement,,3GL,C++,121,1293,1293,3,4,,,-1,-1
19491,B,A,IFPUG 4+,1,,,,Enhancement,,3GL,C,263,1311,970,3,3,,,6400,-1
19594,B,B,IFPUG 4+,1,Insurance,Insurance,Unknown,Enhancement,,4GL,Oracle,62,578,474,2,-1,,Waterfall (incl Linear Processing & SSADM),-1,-1
19659,B,B,IFPUG 4+,1,,,Financial application area,Enhancement,Multi,3GL,Java,61,354,354,3,-1,Interactive,,-1,-1
19660,B,A,IFPUG 4+,1,Financial,"Financial, Property & Business Services",Financial transaction process/accounting,Enhancement,MF,3GL,Unix Shell,97,1211,1211,-1,-1,Interactive,,-1,-1
19671,B,A,IFPUG 4+,1,,,Transaction/Production System,Enhancement,MF,3GL,COBOL,98,3271,2944,17,6,DB2VSAM,,-1,-1
19680,B,A,IFPUG 4+,1,,Local,Ordering & provisioning system,Enhancement,MF,3GL,C,119,1907,1907,-1,-1,Oracle,,-1,-1
19730,B,B,IFPUG 4+,1,Government,Government,Financial transaction process/accounting,New Development,PC,4GL,ASP,795,2187,2187,9,6,SQL Server,,-1,-1
19757,A,B,IFPUG 4+,1,Government,Government,Catalogue/register of things or eventsDocument managementOnline analysis and reporting,New Development,Multi,3GL,Java,127,1536,1536,6,5,Oracle,,-1,58000
19799,B,B,IFPUG 4+,1,Communication,Telecommunications,Customer relationship management,Enhancement,,,,70,1107,908,-1,-1,,Waterfall (incl Linear Processing & SSADM),-1,-1
19815,B,A,IFPUG 4+,1,Utilities,"Electricity, Gas, Water",Corporate Taxation,Re-development,MF,3GL,PL/I,125,330,330,11,2,DB2,,-1,-1
19881,B,A,IFPUG 4+,1,Wholesale & Retail,Ordering,Stock control & order processing,Enhancement,,3GL,COBOL,64,620,620,-1,-1,,,-1,-1
19885,B,B,IFPUG 4+,1,Medical & Health Care,Medical and Health Care,not recorded,Enhancement,,,,36,6452,6452,16,87,,,-1,349570
19905,B,A,IFPUG 4+,1,Banking,Banking,Sales contact management,New Development,PC,3GL,C,29,395,395,6,-1,Yes,Waterfall (incl Linear Processing & SSADM),-1,-1
20082,B,B,IFPUG 4+,1,,,,Enhancement,,4GL,.Net,245,1113,880,3,-1,,Waterfall (incl Linear Processing & SSADM),-1,-1
20093,A,A,IFPUG 4+,1,Manufacturing,Manufacturing,,Enhancement,MF,3GL,PL/I,1062,15972,15972,11,24,IMSDB2LOTUS NOTES,,412409,-1
20106,A,A,IFPUG 4+,1,Government,Public AdministrationCommunity ServicesInsurance,Transaction/Production System,Enhancement,MF,3GL,COBOL,32,300,300,2,2,DB2,,-1,-1
20115,B,B,IFPUG 4+,1,Communication,Telecommunications,Customer relationship management,Enhancement,Multi,,,54,654,536,3,-1,,Waterfall (incl Linear Processing & SSADM),-1,-1
20123,B,B,IFPUG 4+,1,Insurance,Insurance,Unknown,Enhancement,,,,84,213,175,2,-1,,Waterfall (incl Linear Processing & SSADM),-1,-1
20177,A,A,IFPUG 4+,1,Communication,Communications,Transaction/Production System,Enhancement,MR,3GL,LEX,80,1251,1038,4,7,OBJECTSTOR,,-1,-1
20236,B,B,IFPUG 4+,1,Insurance,Insurance,Unknown,Enhancement,,,,83,238,195,2,-1,,Waterfall (incl Linear Processing & SSADM),-1,-1
20352,B,B,IFPUG 4+,1,Medical & Health Care,Medical and Health Care,not recorded,Enhancement,,,,34,706,706,8,29,,,-1,39314
20398,B,A,IFPUG 4+,1,,,,Enhancement,,4GL,Oracle,51,536,536,4,-1,,,-1,-1
20419,B,B,IFPUG 4+,1,Communication,Telecommunications,Billing and ERP,Enhancement,Multi,3GL,Java,167,1122,920,5,-1,,Waterfall (incl Linear Processing & SSADM),-1,-1
20477,B,A,IFPUG 4+,1,Manufacturing,Manufacturing,Document management,New Development,Multi,3GL,Visual Basic,177,1570,1570,2,-1,Oracle 8.1.6,Waterfall (incl Linear Processing & SSADM),-1,-1
20538,B,B,IFPUG 4+,1,Medical & Health Care,Medical and Health Care,not recorded,Enhancement,,,,4,624,568,9,15,,,-1,37248
20614,B,B,IFPUG 4+,1,,,,New Development,Multi,3GL,Java,650,3672,3048,6,-1,,,-1,-1
20758,B,B,IFPUG 4+,1,Communication,Telecommunications,Online. eSales,Enhancement,Multi,,,113,1024,840,-1,-1,,Waterfall (incl Linear Processing & SSADM),-1,-1
20776,B,B,IFPUG 4+,1,Communication,Telecommunications,Online. eSales,Enhancement,Multi,,,51,988,810,3,-1,,Waterfall (incl Linear Processing & SSADM),-1,-1
20837,B,A,IFPUG 4+,1,,,,New Development,,3GL,C,79,1108,1030,6,2,,,3200,-1
20887,B,B,IFPUG 4+,1,Medical & Health Care,Medical and Health Care,not recorded,Enhancement,,,,34,1407,1196,13,18,,,-1,58834
20892,A,A,IFPUG 4+,1,Government,Government,Management of Licences and Permits,Enhancement,MF,ApG,COOL:Gen,221,3191,2202,15,-1,,,-1,-1
21078,B,B,IFPUG 4+,1,Communication,Telecommunications,Data Warehouse,Enhancement,,4GL,Oracle,107,349,320,4,-1,,Waterfall (incl Linear Processing & SSADM),-1,-1
21107,A,A,IFPUG 4+,1,Government,Government,Financial transaction process/accounting,Enhancement,Multi,3GL,PL/I,335,19706,19706,27,15,DB2,,-1,-1
21114,B,B,IFPUG 4+,1,,,Financial application area,Enhancement,Multi,3GL,Java,33,175,175,1,-1,Interactive,,-1,-1
21151,B,B,IFPUG 4+,1,Communication,Communications,relatively complex application,Enhancement,Multi,3GL,,213,6391,6391,-1,-1,Interactive,Waterfall (incl Linear Processing & SSADM),-1,-1
21180,B,A,IFPUG 4+,1,Electronics & Computers,Electronics,Trading,New Development,PC,3GL,Visual Basic,235,781,781,5,-1,Oracle 8i,Waterfall (incl Linear Processing & SSADM),-1,-1
21195,B,B,IFPUG 4+,1,Communication,Telecommunications,Stock control & order processing,Enhancement,Multi,3GL,Java,130,2029,1664,6,-1,,Waterfall (incl Linear Processing & SSADM),-1,-1
21198,B,B,IFPUG 4+,1,Communication,Telecommunications,Other,Enhancement,,3GL,PYTHON,82,758,696,3,-1,,Waterfall (incl Linear Processing & SSADM),-1,-1
21261,B,A,IFPUG 4+,1,Insurance,Insurance,Financial transaction process/accounting,Enhancement,MF,3GL,COBOL,150,2218,2218,5,-1,IMS,Waterfall (incl Linear Processing & SSADM),-1,-1
21317,B,B,IFPUG 4+,1,Medical & Health Care,Medical and Health Care,not recorded,Enhancement,,,,67,5920,4736,20,21,,,-1,268239
21370,B,B,IFPUG 4+,1,Insurance,Insurance,Unknown,Enhancement,,3GL,Java,70,217,178,1,-1,,Waterfall (incl Linear Processing & SSADM),-1,-1
21394,B,A,IFPUG 4+,1,,,,Enhancement,,,,51,337,280,10,1,,,-1,-1
21399,A,A,IFPUG 4+,1,Communication,Communications,Transaction/Production System,Enhancement,,4GL,NATURAL,82,410,410,3,4,,,-1,-1
21420,B,A,IFPUG 4+,1,,,,New Development,,3GL,Visual Basic,314,1260,1260,-1,8,,,10000,-1
21429,B,B,IFPUG 4+,1,Communication,Telecommunications,GEO Information Management,Enhancement,Multi,3GL,Java,55,3639,2984,4,-1,,Waterfall (incl Linear Processing & SSADM),-1,-1
21433,B,A,IFPUG 4+,1,Communication,Telecommunications,Data Warehouse,Enhancement,,3GL,PL/SQL,59,733,604,1,-1,,Waterfall (incl Linear Processing & SSADM),-1,-1
21467,B,A,IFPUG 4+,1,Communication,Telecommunications,Customer relationship management,Enhancement,,4GL,Amdocs framework,106,3644,3003,6,-1,,Waterfall (incl Linear Processing & SSADM),-1,-1
21496,B,A,IFPUG 4+,1,Banking,Banking,Financial transaction process/accounting,Enhancement,MF,3GL,PL/I,34,109,61,1,-1,"IMS/DB,DC",Waterfall (incl Linear Processing & SSADM),-1,-1
21522,B,B,IFPUG 4+,1,Insurance,Insurance,Unknown,Enhancement,,,,133,104,85,3,-1,,Waterfall (incl Linear Processing & SSADM),-1,-1
21552,B,B,IFPUG 4+,1,Manufacturing,,,New Development,,4GL,.Net,154,1257,1008,4,-1,,Waterfall (incl Linear Processing & SSADM),-1,-1
21609,B,B,IFPUG 4+,1,Communication,Communications,relatively complex application,Enhancement,Multi,4GL,,12,355,355,-1,-1,Interactive,Waterfall (incl Linear Processing & SSADM),-1,-1
21623,B,B,IFPUG 4+,1,Communication,Telecommunications,Customer relationship management,Enhancement,Multi,3GL,PL/SQL,228,1502,1232,3,-1,,Waterfall (incl Linear Processing & SSADM),-1,-1
21668,B,A,IFPUG 4+,1,Financial,"Financial, Property & Business Services",Financial transaction process/accounting,New Development,Multi,4GL,PowerBuilder,281,4030,4030,3,-1,Oracle 8.0.6,Waterfall (incl Linear Processing & SSADM),-1,-1
21775,B,B,IFPUG 4+,1,Communication,Communications,relatively complex application,Enhancement,MF,3GL,,141,5156,5156,-1,-1,Batch,Waterfall (incl Linear Processing & SSADM),-1,-1
21824,B,B,IFPUG 4+,1,Insurance,Insurance,Unknown,Enhancement,,,,54,307,252,5,-1,,Waterfall (incl Linear Processing & SSADM),-1,-1
21859,B,B,IFPUG 4+,1,Insurance,Insurance,Unknown,Enhancement,,4GL,NATURAL,98,376,308,3,-1,,Waterfall (incl Linear Processing & SSADM),-1,-1
21915,B,A,IFPUG 4+,1,Electronics & Computers,Computers & Software,Management Information System,New Development,MF,3GL,PL/I,383,1367,1230,5,2,DB2,,-1,-1
22063,A,B,IFPUG 4+,1,Insurance,Insurance,Transaction/Production System,Enhancement,MF,3GL,PL/I,124,3639,3639,9,12,DB2IMSCOMLINKWEB Server,,-1,254677
22274,A,B,IFPUG 4+,1,Government,Government,"Job, case, incident, project management",Enhancement,Multi,3GL,PL/I,234,5103,5103,10,11,DB2,,-1,-1
22342,B,B,IFPUG 4+,1,Communication,Telecommunications,Online. eSales,Enhancement,Multi,,,113,1024,840,3,-1,,Waterfall (incl Linear Processing & SSADM),-1,-1
22361,A,B,IFPUG 4+,1,Communication,Communications,Transaction/Production System,Enhancement,,3GL,COBOL,214,1430,1187,3,-1,DB2,,-1,-1
22425,B,B,IFPUG 4+,1,Medical & Health Care,Medical and Health Care,not recorded,Enhancement,,,,29,4033,3428,10,15,,,-1,172700
22465,B,B,IFPUG 4+,1,,,,New Development,Multi,4GL,Lotus Notes,264,432,402,8,-1,,,-1,-1
22471,B,A,IFPUG 4+,1,Insurance,Insurance,Financial transaction process/accounting,Enhancement,MF,3GL,Visual Basic,167,6398,6398,3,-1,DB2/400,Waterfall (incl Linear Processing & SSADM),-1,-1
22495,B,B,IFPUG 4+,1,Communication,Telecommunications,Integration,Enhancement,,3GL,TIBCO,308,7746,6352,5,-1,,Waterfall (incl Linear Processing & SSADM),-1,-1
22507,B,A,IFPUG 4+,1,Banking,Banking,Transaction/Production System,New Development,MF,3GL,COBOL,499,10613,10613,30,7,FOXPROIMSDB2,,-1,-1
22638,B,A,IFPUG 4+,1,,,,Enhancement,,3GL,Unix Shell,92,473,473,3,-1,,,-1,-1
22727,A,A,IFPUG 4+,1,Government,Government,Management of Licences and Permits,Enhancement,MF,ApG,COOL:Gen,339,3622,3622,12,-1,,,-1,-1
22776,B,B,IFPUG 4+,1,Communication,Telecommunications,Customer relationship management,Enhancement,Multi,3GL,Java,53,1109,909,4,-1,,Waterfall (incl Linear Processing & SSADM),-1,-1
22886,B,B,IFPUG 4+,1,Communication,Communications,relatively complex application,Enhancement,Multi,4GL,,110,902,902,-1,-1,Interactive,Waterfall (incl Linear Processing & SSADM),-1,-1
22893,B,B,IFPUG 4+,1,,,Financial application area,New Development,Multi,4GL,,133,1609,1609,6,-1,Interactive,,-1,-1
22922,B,B,IFPUG 4+,1,Medical & Health Care,Medical and Health Care,not recorded,Enhancement,,,,27,11374,9668,16,30,,,-1,562113
22951,B,A,IFPUG 4+,1,Communication,Telecommunications,Operational CRM,Enhancement,,3GL,Java,112,458,377,1,-1,,Waterfall (incl Linear Processing & SSADM),-1,-1
22957,B,B,IFPUG 4+,1,Communication,Telecommunications,Workflow support & management,Enhancement,Multi,,BPM,63,1063,872,4,-1,,Waterfall (incl Linear Processing & SSADM),-1,-1
23066,B,A,IFPUG 4+,1,Banking,Banking,Financial transaction process/accounting,Enhancement,MF,,MAPPER,44,326,326,2,-1,MAPER,Waterfall (incl Linear Processing & SSADM),-1,-1
23110,B,B,IFPUG 4+,1,Communication,Telecommunications,Data Warehouse,Enhancement,Multi,3GL,Shell,52,360,295,-1,-1,,Waterfall (incl Linear Processing & SSADM),-1,-1
23122,B,B,IFPUG 4+,1,Medical & Health Care,Medical and Health Care,not recorded,Enhancement,,,,67,6021,6021,20,62,,,-1,336769
23182,B,A,IFPUG 4+,1,Communication,Telecommunications,Customer relationship management,Enhancement,,,ClearBasic,144,1798,1482,2,-1,,Waterfall (incl Linear Processing & SSADM),-1,-1
23317,B,B,IFPUG 4+,1,,,,Enhancement,PC,3GL,Visual Basic,32,578,578,3,-1,,,-1,-1
23467,B,B,IFPUG 4+,1,Medical & Health Care,Medical and Health Care,not recorded,Enhancement,,,,7,682,682,14,19,,,-1,31172
23518,B,B,IFPUG 4+,1,Communication,Communications,relatively complex application,Enhancement,Multi,4GL,,25,626,626,-1,-1,Interactive,Waterfall (incl Linear Processing & SSADM),-1,-1
23538,B,B,IFPUG 4+,1,Medical & Health Care,Medical and Health Care,not recorded,Enhancement,,,,30,3535,3535,15,70,,,-1,170711
23559,B,A,IFPUG 4+,1,Professional Services,Business Services,Management Information System,New Development,MF,3GL,Java,7400,60270,60270,22,45,,,-1,-1
23565,B,A,IFPUG 4+,1,Financial,"Financial, Property & Business Services",Financial transaction process/accounting,Enhancement,,,,87,1652,1652,-1,-1,Interactive,,-1,-1
23573,B,A,IFPUG 4+,1,,,,Enhancement,,,,1238,1960,1960,3,7,,,-1,-1
23656,B,B,IFPUG 4+,1,Communication,Telecommunications,Management or performance reporting,Enhancement,Multi,,,68,924,758,-1,-1,,Waterfall (incl Linear Processing & SSADM),-1,-1
23687,B,B,IFPUG 4+,1,Manufacturing,Aerospace / Automotive,Management or performance reporting,New Development,MR,4GL,Datastage,647,12815,8330,8,12,DB2Oracle 9i,,-1,-1
23698,B,A,IFPUG 4+,1,,Maintenance,Maintenance,Enhancement,MF,3GL,C++,515,27251,27251,-1,-1,,,-1,-1
23708,A,A,IFPUG 4+,1,Communication,Communications,Management Information System,Enhancement,PC,4GL,Oracle,75,569,569,5,10,,,-1,-1
23712,B,A,IFPUG 4+,1,Communication,Communications,Telecom & network management,Enhancement,MR,3GL,C,187,2075,1888,11,7,Yes,,-1,-1
23741,B,B,IFPUG 4+,1,Medical & Health Care,Medical and Health Care,not recorded,Enhancement,,,,16,5242,5242,12,69,,,-1,319159
23766,B,B,IFPUG 4+,1,Insurance,Insurance,,Enhancement,,,Mixed,139,495,454,11,-1,,Waterfall (incl Linear Processing & SSADM),-1,-1
23777,B,B,IFPUG 4+,1,Communication,Communications,relatively complex application,Enhancement,MF,3GL,,62,700,700,-1,-1,Batch,Waterfall (incl Linear Processing & SSADM),-1,-1
23784,B,B,IFPUG 4+,1,Medical & Health Care,Medical and Health Care,not recorded,Enhancement,,,,19,3933,3933,24,42,,,-1,172317
23972,B,B,IFPUG 4+,1,Medical & Health Care,Medical and Health Care,not recorded,Enhancement,,,,6,168,168,6,12,,,-1,10614
24009,B,A,IFPUG 4+,1,Insurance,Insurance,Financial transaction process/accounting,New Development,MF,3GL,COBOL,102,2786,2061,5,-1,IMS,Waterfall (incl Linear Processing & SSADM),-1,-1
24042,B,A,IFPUG 4+,1,Banking,Banking,Transaction/Production System,New Development,MF,,,159,3084,2776,5,5,IMS,Multifunctional Teams,-1,-1
24043,B,B,IFPUG 4+,1,,,Financial application area,New Development,Multi,3GL,Java,267,1442,1442,5,-1,Interactive,,-1,-1
24125,B,A,IFPUG 4+,1,Mining,Oil & Petroleum,Complex process control,Enhancement,MF,3GL,COBOL,149,1089,1013,4,-1,DB2,Waterfall (incl Linear Processing & SSADM),-1,-1
24135,B,B,IFPUG 4+,1,Communication,Telecommunications,Stock control & order processing,Enhancement,Multi,,,124,1649,1352,3,-1,,Waterfall (incl Linear Processing & SSADM),-1,-1
24141,B,A,IFPUG 4+,1,Communication,Telecommunications,Data Warehouse,Enhancement,,3GL,PL/SQL,87,290,239,2,-1,,Waterfall (incl Linear Processing & SSADM),-1,-1
24151,B,B,IFPUG 4+,1,,,Financial application area,Enhancement,MF,3GL,,89,1032,1032,4,-1,Batch,,-1,-1
24210,B,B,IFPUG 4+,1,Insurance,Insurance,Unknown,Enhancement,,3GL,PL/SQL,159,313,257,9,-1,,Waterfall (incl Linear Processing & SSADM),-1,-1
24366,A,A,IFPUG 4+,1,Communication,Communications,Transaction/Production System,Enhancement,,3GL,COBOL,138,2988,2988,8,6,,,-1,-1
24407,B,A,IFPUG 4+,1,Manufacturing,Manufacturing,Trading,New Development,Multi,4GL,Lotus Notes,639,2420,2420,5,-1,Domino R5.04a,Waterfall (incl Linear Processing & SSADM),-1,-1
24457,B,B,IFPUG 4+,1,Communication,Telecommunications,Other,Enhancement,,3GL,Java,66,776,712,-1,-1,,Waterfall (incl Linear Processing & SSADM),-1,-1
24505,B,A,IFPUG 4+,1,Communication,Telecommunications,Customer billing,Enhancement,,3GL,PL/SQL,66,825,680,6,-1,,Waterfall (incl Linear Processing & SSADM),-1,-1
24543,B,B,IFPUG 4+,1,Medical & Health Care,Medical and Health Care,not recorded,Enhancement,,,,54,11656,11656,13,98,,,-1,468403
24573,B,B,IFPUG 4+,1,Communication,Telecommunications,Integration,Enhancement,Multi,3GL,TIBCO,52,733,601,7,-1,,Waterfall (incl Linear Processing & SSADM),-1,-1
24615,B,B,IFPUG 4+,1,Medical & Health Care,Medical and Health Care,not recorded,Enhancement,,,,8,244,244,5,21,,,-1,13934
24629,B,A,IFPUG 4+,1,,,,Enhancement,,3GL,COBOL,4,38,38,0,-1,,,-1,-1
24633,B,B,IFPUG 4+,1,,,Financial application area,Enhancement,MF,3GL,,58,800,800,4,-1,Batch,,-1,-1
24661,B,B,IFPUG 4+,1,Insurance,Insurance,,Enhancement,,,Mixed,186,312,286,1,-1,,Waterfall (incl Linear Processing & SSADM),-1,-1
24851,B,A,IFPUG 4+,1,,,,New Development,,,,2456,2464,2045,-1,-1,,,-1,-1
24866,B,B,IFPUG 4+,1,Insurance,Insurance,Unknown,Enhancement,,,,146,1215,996,13,-1,,Waterfall (incl Linear Processing & SSADM),-1,-1
24889,B,B,IFPUG 4+,1,Medical & Health Care,Medical and Health Care,not recorded,Enhancement,,,,7,241,188,3,6,,,-1,12231
24937,B,A,IFPUG 4+,1,Insurance,Insurance,Financial transaction process/accounting,New Development,PC,3GL,COBOL,434,11922,11088,13,-1,No,Waterfall (incl Linear Processing & SSADM),-1,-1
25053,B,B,IFPUG 4+,1,Medical & Health Care,Medical and Health Care,not recorded,Enhancement,,,,54,7529,7529,24,48,,,-1,362667
25120,A,A,IFPUG 4+,1,Service Industry,GovernmentCommunity Services,Financial transaction process/accounting,Enhancement,Multi,3GL,PL/I,148,2100,2100,12,5,DB2,,-1,-1
25126,B,B,IFPUG 4+,1,,,,New Development,,4GL,.Net,3383,64317,60844,20,-1,,Waterfall (incl Linear Processing & SSADM),-1,-1
25151,B,B,IFPUG 4+,1,Communication,Telecommunications,Customer relationship management,Enhancement,,3GL,Java,76,880,808,2,-1,,Waterfall (incl Linear Processing & SSADM),-1,-1
25158,B,B,IFPUG 4+,1,Communication,Telecommunications,Other: Service Order & Activation Management,Enhancement,,3GL,Java,84,1210,1111,-1,-1,,Waterfall (incl Linear Processing & SSADM),-1,-1
25213,B,B,IFPUG 4+,1,Insurance,Insurance,Unknown,Enhancement,,3GL,Java,165,402,330,1,-1,,Waterfall (incl Linear Processing & SSADM),-1,-1
25268,B,A,IFPUG 4+,1,,,,New Development,,,,141,912,912,4,3,,,-1,-1
25270,B,A,IFPUG 4+,1,,,,New Development,,3GL,PASCAL,403,1209,774,12,1,,,22000,-1
25310,B,B,IFPUG 4+,1,,,Financial application area,New Development,Multi,3GL,Java,256,1766,1766,6,-1,Interactive,,-1,-1
25336,B,A,IFPUG 4+,1,Financial,"Financial, Property & Business Services",Financial transaction process/accounting,Enhancement,MF,3GL,C,389,4719,4719,-1,-1,Interactive,,-1,-1
25343,B,A,IFPUG 4+,1,,,,Enhancement,,3GL,C,476,5657,4186,1,8,,,-1,-1
25346,B,B,IFPUG 4+,1,Medical & Health Care,Medical and Health Care,not recorded,Enhancement,,,,13,527,448,11,11,,,-1,24993
25438,B,B,IFPUG 4+,1,Communication,Telecommunications,Customer relationship management,Enhancement,,,ClearBasic,135,2283,2096,4,-1,,Waterfall (incl Linear Processing & SSADM),-1,-1
25461,B,B,IFPUG 4+,1,Medical & Health Care,Medical and Health Care,not recorded,Enhancement,,,,17,1317,1317,14,28,,,-1,52054
25509,B,B,IFPUG 4+,1,Communication,Communications,relatively complex application,Enhancement,Multi,3GL,,256,1231,1231,-1,-1,Interactive,Waterfall (incl Linear Processing & SSADM),-1,-1
25516,B,A,IFPUG 4+,1,Communication,Telecommunications,Customer billing,Enhancement,,3GL,PL/SQL,65,573,472,2,-1,,Waterfall (incl Linear Processing & SSADM),-1,-1
25543,A,A,IFPUG 4+,1,Communication,Telecommunications,Number of Hosting Solution,Enhancement,PC,4GL,ASP.Net,287,3893,3543,4,-1,SQL Server,Waterfall (incl Linear Processing & SSADM),-1,-1
25618,A,A,IFPUG 4+,1,Government,Government,Catalogue/register of things or events,New Development,Multi,3GL,C#,298,13489,13489,17,24,,,-1,-1
25641,B,A,IFPUG 4+,1,Manufacturing,Chemicals,Production management,New Development,PC,4GL,SQL,776,1847,1718,7,-1,SQL Server 7.0,Waterfall (incl Linear Processing & SSADM),-1,-1
25786,B,B,IFPUG 4+,1,Communication,Telecommunications,Stock control & order processing,Enhancement,Multi,3GL,Java,537,5717,4688,4,-1,,Waterfall (incl Linear Processing & SSADM),-1,-1
25885,B,A,IFPUG 4+,1,Banking,Banking,Financial transaction process/accounting,Enhancement,MF,3GL,PL/I,36,129,120,1,-1,"IMS/DB,DC",Waterfall (incl Linear Processing & SSADM),-1,-1
25916,A,A,IFPUG 4+,1,Communication,Virtual Assistants (Lingubots),Artifical Intelligence based engine,Re-development,PC,3GL,C++,657,21590,17920,7,16,MySQL,Unified Process,-1,-1
25926,A,A,IFPUG 4+,1,Government,Public AdministrationCommunity ServicesInsurance,Transaction/Production System,Enhancement,MF,3GL,COBOL,601,1193,1193,8,11,DB2,Joint Application Development (JAD)Rapid Application Development (RAD),-1,-1
25931,A,A,IFPUG 4+,1,Insurance,Insurance,Customer relationship management,Enhancement,PC,3GL,Java,70,1241,1018,3,6,DB2,Multifunctional TeamsWaterfall (incl Linear Processing & SSADM),3000,-1
25975,A,A,IFPUG 4+,1,Utilities,Energy,Transportation,New Development,MF,4GL,SQL,605,752,752,13,3,DB2,,-1,-1
25979,B,A,IFPUG 4+,1,Insurance,Insurance,Financial transaction process/accounting,Enhancement,MF,3GL,Java,1148,48083,13944,3,-1,DB2 UDB for AIX7.2.2,Waterfall (incl Linear Processing & SSADM),-1,-1
26007,B,B,IFPUG 4+,1,Communication,Telecommunications,Customer relationship management,Enhancement,,3GL,Java,547,4967,4560,4,-1,,Waterfall (incl Linear Processing & SSADM),-1,-1
26047,B,A,IFPUG 4+,1,,,,Enhancement,,3GL,Java,79,2451,2451,-1,-1,,,-1,-1
26096,B,B,IFPUG 4+,1,,,,Enhancement,MF,3GL,COBOL,90,3261,3261,4,-1,,,-1,-1
26105,B,B,IFPUG 4+,1,Medical & Health Care,Medical and Health Care,not recorded,Enhancement,,,,57,3746,3746,9,57,,,-1,208661
26137,B,B,IFPUG 4+,1,Medical & Health Care,Medical and Health Care,not recorded,Enhancement,,,,91,3667,3667,8,67,,,-1,180476
26156,A,A,IFPUG 4+,1,Government,Government,Catalogue/register of things or eventsWorkflow support & management,New Development,Multi,3GL,C#,313,5613,5613,27,9,DB2,,-1,-1
26187,B,B,IFPUG 4+,1,Communication,Telecommunications,Customer relationship management,Enhancement,Multi,3GL,Visual Basic,82,1461,1198,4,-1,,Waterfall (incl Linear Processing & SSADM),-1,-1
26199,B,B,IFPUG 4+,1,Communication,Communications,relatively complex application,Enhancement,MF,3GL,,17,458,458,-1,-1,Batch,Waterfall (incl Linear Processing & SSADM),-1,-1
26274,B,B,IFPUG 4+,1,Communication,Telecommunications,Online. eSales,Enhancement,Multi,,,116,1590,1304,4,-1,,Waterfall (incl Linear Processing & SSADM),-1,-1
26284,A,A,IFPUG 4+,1,Communication,Communications,Decision Support System,Enhancement,MF,3GL,COBOL,143,705,705,4,3,,,-1,-1
26290,B,B,IFPUG 4+,1,Medical & Health Care,Medical and Health Care,not recorded,Enhancement,,,,35,8581,7294,10,53,,,-1,406373
26315,B,B,IFPUG 4+,1,Insurance,Insurance,Unknown,Enhancement,,,,203,1963,1610,6,-1,,Waterfall (incl Linear Processing & SSADM),-1,-1
26339,A,A,IFPUG 4+,1,Wholesale & Retail,Distribution,Inventory Control,New Development,MF,ApG,TELON,511,3500,3500,9,-1,IMS/DBDC,,-1,-1
26391,B,B,IFPUG 4+,1,Communication,Telecommunications,Data Warehouse,Enhancement,,3GL,PL/SQL,105,383,352,7,-1,,Waterfall (incl Linear Processing & SSADM),-1,-1
26457,B,B,IFPUG 4+,1,Insurance,Insurance,Unknown,Enhancement,,3GL,Java,128,952,781,1,-1,,Waterfall (incl Linear Processing & SSADM),-1,-1
26470,B,A,IFPUG 4+,1,Manufacturing,Manufacturing,Workflow support & management,New Development,Multi,3GL,Visual Basic,236,1350,1350,5,-1,Exchange,Waterfall (incl Linear Processing & SSADM),-1,-1
26513,B,B,IFPUG 4+,1,Communication,Telecommunications,Customer relationship management,Enhancement,Multi,3GL,Visual Basic,89,2159,1770,3,-1,,Waterfall (incl Linear Processing & SSADM),-1,-1
26537,B,A,IFPUG 4+,1,Insurance,Insurance,Financial transaction process/accounting,Enhancement,MF,3GL,COBOL,374,5072,5072,3,-1,DB2/400,Waterfall (incl Linear Processing & SSADM),-1,-1
26575,B,B,IFPUG 4+,1,Insurance,Insurance,Unknown,Enhancement,,3GL,PL/SQL,57,302,248,2,-1,,Waterfall (incl Linear Processing & SSADM),-1,-1
26604,B,B,IFPUG 4+,1,Medical & Health Care,Medical and Health Care,not recorded,Enhancement,,,,23,4747,4747,16,85,,,-1,284508
26738,B,B,IFPUG 4+,1,Medical & Health Care,Medical and Health Care,not recorded,Enhancement,,,,28,7015,7015,12,64,,,-1,357546
26765,A,A,IFPUG 4+,1,Communication,Communications,Management Information System,Enhancement,MR,3GL,Java,475,2934,2435,13,4,Oracle,Multifunctional TeamsRapid Application Development (RAD),-1,-1
26888,B,B,IFPUG 4+,1,Insurance,Insurance,Unknown,Enhancement,,3GL,PL/SQL,72,772,633,6,-1,,Waterfall (incl Linear Processing & SSADM),-1,-1
26895,B,B,IFPUG 4+,1,,,,Enhancement,MR,3GL,C++,29,203,203,1,-1,,,-1,-1
26925,B,B,IFPUG 4+,1,Medical & Health Care,Medical and Health Care,not recorded,Enhancement,,,,7,771,686,11,26,,,-1,28633
26994,B,B,IFPUG 4+,1,Government,GovernmentDefence,Reporting,Enhancement,MF,3GL,COBOL,26,538,538,22,-1,,,-1,29811
26997,A,A,IFPUG 4+,1,Insurance,Insurance,Online Insurance product comparision tool,Enhancement,MR,4GL,XML,169,1327,1208,4,5,DB2,Multifunctional TeamsWaterfall (incl Linear Processing & SSADM),-1,-1
27060,A,B,IFPUG 4+,1,Financial,"Financial, Property & Business Services",Transaction/Production System,New Development,MF,,,2906,37320,37320,12,-1,DB2,Rapid Application Development (RAD),-1,1940640
27151,B,B,IFPUG 4+,1,Communication,Telecommunications,Customer relationship management,Enhancement,Multi,3GL,PL/SQL,324,1063,872,4,-1,,Waterfall (incl Linear Processing & SSADM),-1,-1
27171,B,B,IFPUG 4+,1,,,Financial application area,Enhancement,Multi,4GL,,38,327,327,1,-1,Interactive,,-1,-1
27245,B,B,IFPUG 4+,1,Medical & Health Care,Medical and Health Care,not recorded,Enhancement,,,,36,2020,1414,3,13,,,-1,60174
27357,A,A,IFPUG 4+,1,Communication,Communications,Transaction/Production System,New Development,MR,,,796,5864,4867,14,14,Oracle,Joint Application Development (JAD)Rapid Application Development (RAD),-1,-1
27361,B,A,IFPUG 4+,1,Communication,Telecommunications,Data or database management,Enhancement,,,Unknown,420,539,444,3,-1,,Waterfall (incl Linear Processing & SSADM),-1,-1
27423,B,B,IFPUG 4+,1,Insurance,Insurance,,Enhancement,,3GL,PL/SQL,50,193,177,1,-1,,Waterfall (incl Linear Processing & SSADM),-1,-1
27574,B,A,IFPUG 4+,1,,,,Enhancement,,,,503,482,482,5,3,,,-1,-1
27727,A,A,IFPUG 4+,1,Communication,Communications,Transaction/Production System,New Development,,3GL,PERIPHONICS,128,5960,4947,13,15,,,-1,-1
27743,B,B,IFPUG 4+,1,Medical & Health Care,Medical and Health Care,not recorded,Enhancement,,,,12,8062,8062,15,75,,,-1,409069
27745,B,B,IFPUG 4+,1,Medical & Health Care,Medical and Health Care,not recorded,Enhancement,,,,50,20092,20092,19,135,,,-1,1030071
27858,B,A,IFPUG 4+,1,Communication,Telecommunications,Customer billing,Enhancement,,3GL,PL/SQL,180,1408,1160,7,-1,,Waterfall (incl Linear Processing & SSADM),-1,-1
27891,B,B,IFPUG 4+,1,Insurance,Insurance,Unknown,Enhancement,,,,52,88,72,1,-1,,Waterfall (incl Linear Processing & SSADM),-1,-1
27966,A,B,IFPUG 4+,1,Communication,Communications,Management Information System,Enhancement,,4GL,SQL,1003,15794,15794,12,20,,,-1,-1
27998,B,B,IFPUG 4+,1,Communication,Telecommunications,Customer relationship management,Enhancement,Multi,3GL,Visual Basic,76,880,722,5,-1,,Waterfall (incl Linear Processing & SSADM),-1,-1
28069,B,A,IFPUG 4+,1,Professional Services,Professional Services,Financial transaction process/accounting,New Development,PC,,Centura,174,1461,1359,6,-1,Oracle,Waterfall (incl Linear Processing & SSADM),-1,-1
28132,B,B,IFPUG 4+,1,Insurance,Insurance,Unknown,Enhancement,,3GL,Java,83,490,402,2,-1,,Waterfall (incl Linear Processing & SSADM),-1,-1
28177,B,B,IFPUG 4+,1,Electronics & Computers,Computers & Software,Utility,New Development,PC,4GL,DELPHI,1160,7388,7388,15,4,,Rapid Application Development (RAD),-1,-1
28265,A,A,IFPUG 4+,1,Communication,Communications,,New Development,MR,3GL,Java,140,4141,3437,3,10,,Rapid Application Development (RAD)Timeboxing,-1,-1
28331,B,A,IFPUG 4+,1,Medical & Health Care,Medical and Health Care,Strategic planning,New Development,Multi,3GL,Visual Basic,564,1835,1835,6,-1,ACCESS,Waterfall (incl Linear Processing & SSADM),-1,-1
28347,B,B,IFPUG 4+,1,,,,Enhancement,MF,3GL,C++,6,323,323,2,-1,,,-1,-1
28371,B,B,IFPUG 4+,1,Communication,Communications,relatively complex application,Enhancement,Multi,4GL,,641,20164,20164,-1,-1,Interactive,Waterfall (incl Linear Processing & SSADM),-1,-1
28374,B,B,IFPUG 4+,1,Medical & Health Care,Medical and Health Care,not recorded,Enhancement,,,,107,7220,6787,15,40,,,-1,255480
28437,B,B,IFPUG 4+,1,Medical & Health Care,Medical and Health Care,not recorded,Enhancement,,,,4,630,504,7,7,,,-1,23477
28439,B,B,IFPUG 4+,1,Government,GovernmentDefence,Financial transaction process/accounting,Enhancement,MF,3GL,COBOL,29,387,387,14,-1,,,-1,34898
28455,B,B,IFPUG 4+,1,,,,Enhancement,,3GL,Java,224,1095,866,3,-1,,Waterfall (incl Linear Processing & SSADM),-1,-1
28495,B,B,IFPUG 4+,1,,,,Enhancement,MF,3GL,COBOL,21,217,217,1,-1,,,-1,-1
28568,B,B,IFPUG 4+,1,Communication,Telecommunications,Back-Office,New Development,PC,4GL,DELPHI,2067,7367,7367,11,5,,Rapid Application Development (RAD),-1,-1
28605,B,B,IFPUG 4+,1,,,,Enhancement,,3GL,COBOL,143,648,512,2,-1,,Waterfall (incl Linear Processing & SSADM),-1,-1
28642,B,B,IFPUG 4+,1,Medical & Health Care,Medical and Health Care,Healthcare,New Development,PC,4GL,DELPHI,72,817,817,7,1,,Rapid Application Development (RAD),-1,-1
28684,B,A,IFPUG 4+,1,Service Industry,Transport & Storage,Complex process control,New Development,Multi,3GL,Visual Basic,2641,4400,4092,10,-1,Oracle,Waterfall (incl Linear Processing & SSADM),-1,-1
28695,B,B,IFPUG 4+,1,Medical & Health Care,Medical and Health Care,not recorded,Enhancement,,,,118,38225,34020,22,73,,,-1,1710055
28762,B,B,IFPUG 4+,1,,,Financial application area,Enhancement,Multi,4GL,,216,1598,1598,6,-1,Interactive,,-1,-1
28776,B,A,IFPUG 4+,1,,,MS Billing,Enhancement,,,Perl,6,25,25,-1,-1,,,-1,-1
28799,B,B,IFPUG 4+,1,Insurance,Insurance,Unknown,Enhancement,,,,52,249,204,3,-1,,Waterfall (incl Linear Processing & SSADM),-1,-1
28800,B,A,IFPUG 4+,1,,,,New Development,,,,545,500,50,-1,-1,,,-1,-1
28805,B,A,IFPUG 4+,1,Communication,Telecommunications,Customer relationship management,Enhancement,,,ClearBasic,71,1872,1542,3,-1,,Waterfall (incl Linear Processing & SSADM),-1,-1
28918,A,A,IFPUG 4+,1,Government,Government,Financial transaction process/accounting,Enhancement,MF,3GL,PL/I,206,2805,2805,8,6,DB2,,-1,-1
29018,B,B,IFPUG 4+,1,Communication,Telecommunications,Data Warehouse,Enhancement,,3GL,PL/SQL,74,152,140,1,-1,,Waterfall (incl Linear Processing & SSADM),-1,-1
29026,B,B,IFPUG 4+,1,Medical & Health Care,Medical and Health Care,not recorded,Enhancement,,,,17,331,245,9,9,,,-1,7314
29039,B,A,IFPUG 4+,1,Communication,Telecommunications,Other: Online. eSales,Enhancement,,3GL,HTML,138,1874,1544,3,-1,,Waterfall (incl Linear Processing & SSADM),-1,-1
29277,B,A,IFPUG 4+,1,Manufacturing,Chemicals,Financial transaction process/accounting,New Development,Multi,4GL,Access,125,550,550,2,-1,ACCESS,Waterfall (incl Linear Processing & SSADM),-1,-1
29359,B,A,IFPUG 4+,1,,,,Enhancement,,4GL,Visual C++,121,253,210,3,4,,,-1,-1
29509,B,A,IFPUG 4+,1,Communication,Telecommunications,Customer relationship management,Enhancement,,4GL,Amdocs framework,59,603,497,2,-1,,Waterfall (incl Linear Processing & SSADM),-1,-1
29516,B,A,IFPUG 4+,1,,,Remote Banking,Enhancement,MR,3GL,COBOL,772,14276,12848,24,15,DB2IMSC3,,-1,-1
29538,B,B,IFPUG 4+,1,Communication,Telecommunications,Data Warehouse,Enhancement,,3GL,PL/SQL,56,253,232,3,-1,,Waterfall (incl Linear Processing & SSADM),-1,-1
29581,B,A,IFPUG 4+,1,Banking,Banking,System conversion,New Development,MF,3GL,COBOL,340,2723,2723,6,-1,IMS,,-1,-1
29595,B,A,IFPUG 4+,1,Construction,Construction,Personnel system,New Development,MR,3GL,PL/I,1136,4997,4997,6,-1,Oracle,Waterfall (incl Linear Processing & SSADM),-1,-1
29699,B,A,IFPUG 4+,1,Communication,Telecommunications,Data Warehouse,Enhancement,,3GL,PL/SQL,69,352,290,2,-1,,Waterfall (incl Linear Processing & SSADM),-1,-1
29732,B,B,IFPUG 4+,1,Insurance,Insurance,Unknown,Enhancement,,3GL,Visual Basic,85,130,107,1,-1,,Waterfall (incl Linear Processing & SSADM),-1,-1
29789,B,B,IFPUG 4+,1,Insurance,Insurance,,Enhancement,,3GL,PL/SQL,53,155,142,3,-1,,Waterfall (incl Linear Processing & SSADM),-1,-1
29851,B,B,IFPUG 4+,1,Communication,Communications,Transaction/Production System,Enhancement,PC,3GL,Visual Basic,367,3483,2891,8,10,Oracle,,-1,-1
29859,A,A,IFPUG 4+,1,Communication,Communications,Transaction/Production System,New Development,PC,,,348,8543,7091,6,22,,,-1,-1
29972,A,A,IFPUG 4+,1,Utilities,"GovernmentElectricity, Gas, Water",Financial transaction process/accounting,Enhancement,MF,3GL,PL/I,315,1206,1206,8,7,DB2,,-1,-1
29985,B,B,IFPUG 4+,1,Communication,Telecommunications,Billing and ERP,Enhancement,,,,138,998,916,5,-1,,Waterfall (incl Linear Processing & SSADM),-1,-1
30015,B,B,IFPUG 4+,1,Insurance,Insurance,,Enhancement,,,Mixed,136,1695,1556,4,-1,,Waterfall (incl Linear Processing & SSADM),-1,-1
30095,B,B,IFPUG 4+,1,Communication,Telecommunications,Workflow support & management,Enhancement,Multi,,,167,1088,892,5,-1,,Waterfall (incl Linear Processing & SSADM),-1,-1
30241,B,A,IFPUG 4+,1,Wholesale & Retail,Billing,Billing,Enhancement,,3GL,C++,106,19888,19888,-1,-1,Oracle,,-1,-1
30272,B,B,IFPUG 4+,1,Communication,Communications,relatively complex application,Enhancement,Multi,4GL,,34,254,254,-1,-1,Interactive,Waterfall (incl Linear Processing & SSADM),-1,-1
30438,B,B,IFPUG 4+,1,Communication,Telecommunications,Customer relationship management,Enhancement,Multi,3GL,PL/SQL,92,1216,997,5,-1,,Waterfall (incl Linear Processing & SSADM),-1,-1
30495,B,A,IFPUG 4+,1,Manufacturing,Manufacturing,Sales contact management,New Development,Multi,3GL,Visual Basic,1510,5740,5740,11,-1,SYBASE SQL Anywhere,Waterfall (incl Linear Processing & SSADM),-1,-1
30522,B,A,IFPUG 4+,1,Communication,Telecommunications,Customer relationship management,Enhancement,,4GL,Amdocs framework,174,2340,1928,11,-1,,Waterfall (incl Linear Processing & SSADM),-1,-1
30548,B,B,IFPUG 4+,1,Medical & Health Care,Medical and Health Care,not recorded,Enhancement,,,,27,948,948,8,32,,,-1,28201
30559,B,B,IFPUG 4+,1,,,,Enhancement,,3GL,Java,174,3905,3088,4,-1,,Waterfall (incl Linear Processing & SSADM),-1,-1
30597,B,A,IFPUG 4+,1,,,,New Development,,3GL,COBOL,781,45778,42574,32,309,,,83000,-1
30641,B,B,IFPUG 4+,1,Communication,Telecommunications,Data Warehouse,Enhancement,Multi,3GL,Shell,354,3373,2766,-1,-1,,Waterfall (incl Linear Processing & SSADM),-1,-1
30657,B,B,IFPUG 4+,1,Communication,Telecommunications,Customer relationship management,Enhancement,Multi,3GL,Visual Basic,99,1694,1389,5,-1,,Waterfall (incl Linear Processing & SSADM),-1,-1
30837,B,B,IFPUG 4+,1,Medical & Health Care,Medical and Health Care,not recorded,Enhancement,,,,33,184,116,6,9,,,-1,6866
30886,B,B,IFPUG 4+,1,Medical & Health Care,Medical and Health Care,not recorded,Enhancement,,,,7,762,716,10,11,,,-1,48694
30952,A,A,IFPUG 4+,1,Communication,Communications,Transaction/Production System,Enhancement,PC,,,88,4319,3585,5,9,,,-1,-1
31151,B,B,IFPUG 4+,1,Insurance,Insurance,Unknown,Enhancement,,,,73,260,213,2,-1,,Waterfall (incl Linear Processing & SSADM),-1,-1
31227,B,A,IFPUG 4+,1,Manufacturing,Manufacturing,,New Development,Multi,4GL,Oracle,129,569,529,2,-1,Oracle,Waterfall (incl Linear Processing & SSADM),-1,-1
31238,A,A,IFPUG 4+,1,Communication,CommunicationsElectronics,Management Information System,New Development,PC,3GL,C++,432,1691,1691,-1,-1,Flat files,,-1,-1
31368,B,B,IFPUG 4+,1,Communication,Telecommunications,Data Warehouse,Enhancement,Multi,3GL,Shell,104,1613,1323,6,-1,,Waterfall (incl Linear Processing & SSADM),-1,-1
31527,B,A,IFPUG 4+,1,,,,Enhancement,,,IIS,30,162,162,2,-1,,,-1,-1
31528,A,A,IFPUG 4+,1,Service Industry,Community Services,Electronic Data Interchange,New Development,PC,3GL,C#,90,1963,1963,17,6,IBM DB2,,-1,-1
31683,A,A,IFPUG 4+,1,Communication,Communications,Workflow support & management,Enhancement,Multi,3GL,Java,583,1760,1760,10,11,Oracle,,-1,-1
31722,B,B,IFPUG 4+,1,Communication,Telecommunications,Management or performance reporting,Enhancement,Multi,,,117,1465,1201,-1,-1,,Waterfall (incl Linear Processing & SSADM),-1,-1
31725,B,B,IFPUG 4+,1,Communication,Telecommunications,Integration,Enhancement,,3GL,TIBCO,82,2787,2285,7,-1,,Waterfall (incl Linear Processing & SSADM),-1,-1
31757,B,B,IFPUG 4+,1,,,Financial application area,Enhancement,MF,3GL,,37,414,414,3,-1,Batch,,-1,-1
31929,B,B,IFPUG 4+,1,,,,Enhancement,,3GL,COBOL,216,1012,800,2,-1,,Waterfall (incl Linear Processing & SSADM),-1,-1
31942,B,B,IFPUG 4+,1,Communication,Telecommunications,Billing and ERP,Enhancement,Multi,3GL,Java,60,390,320,4,-1,,Waterfall (incl Linear Processing & SSADM),-1,-1
31944,B,A,IFPUG 4+,1,Wholesale & Retail,E-Business,E-Business,Enhancement,MF,3GL,HTML,55,2637,2637,-1,-1,,,-1,-1
31945,A,A,IFPUG 4+,1,Wholesale & Retail,Wholesale & Retail Trade,Purchasing,Enhancement,MR,4GL,Oracle,247,400,400,3,2,Oracle,Rapid Application Development (RAD),-1,-1
31952,B,B,IFPUG 4+,1,Insurance,Insurance,Unknown,Enhancement,,,,129,622,510,7,-1,,Waterfall (incl Linear Processing & SSADM),-1,-1
31991,B,B,IFPUG 4+,1,Communication,Telecommunications,Customer relationship management,Enhancement,Multi,3GL,Visual Basic,81,1176,964,6,-1,,Waterfall (incl Linear Processing & SSADM),-1,-1
32080,B,B,IFPUG 4+,1,Communication,Telecommunications,Unknown,Enhancement,,3GL,Java,365,5788,5314,6,-1,,Waterfall (incl Linear Processing & SSADM),-1,-1
32165,B,A,IFPUG 4+,1,Insurance,Insurance,Financial transaction process/accounting,New Development,MF,3GL,Visual Basic,17,2499,1874,3,-1,DB2/400,Waterfall (incl Linear Processing & SSADM),-1,-1
32221,B,A,IFPUG 4+,1,Insurance,Insurance,Financial transaction process/accounting,Enhancement,PC,3GL,Java,1247,12794,11898,3,23,DB2 7.2.2,Waterfall (incl Linear Processing & SSADM),-1,-1
32223,B,A,IFPUG 4+,1,Communication,Telecommunications,Policy and Charging Control,Enhancement,,,Unknown,62,874,720,5,-1,,Waterfall (incl Linear Processing & SSADM),-1,-1
32259,B,B,IFPUG 4+,1,Medical & Health Care,Medical and Health Care,not recorded,Enhancement,,,,149,30901,30901,28,150,,,-1,1279921
32281,A,A,IFPUG 4+,1,Communication,Communications,Executive Information System,Enhancement,,4GL,Oracle,241,2152,1786,9,3,,,-1,-1
32306,B,A,IFPUG 4+,1,,,Internet Banking,New Development,MF,3GL,C,1027,34560,34560,12,21,DB2,,-1,-1
32316,A,A,IFPUG 4+,1,Communication,Communications,Management Information System,Enhancement,,4GL,SQL,55,1083,899,3,6,,,-1,-1
32336,B,B,IFPUG 4+,1,Communication,Communications,relatively complex application,Enhancement,Multi,3GL,,25,565,565,-1,-1,Interactive,Waterfall (incl Linear Processing & SSADM),-1,-1
32425,B,B,IFPUG 4+,1,Insurance,Insurance,,Enhancement,,3GL,PL/SQL,178,185,170,5,-1,,Waterfall (incl Linear Processing & SSADM),-1,-1
32447,B,B,IFPUG 4+,1,Insurance,Insurance,Unknown,Enhancement,,3GL,Java,344,1932,1584,15,-1,,Waterfall (incl Linear Processing & SSADM),-1,-1
32475,B,A,IFPUG 4+,1,Communication,Telecommunications,Other,Enhancement,,3GL,Java,126,1438,1185,5,-1,,Waterfall (incl Linear Processing & SSADM),-1,-1
32518,B,B,IFPUG 4+,1,Medical & Health Care,Medical and Health Care,not recorded,Enhancement,,,,28,473,430,5,14,,,-1,19474
32525,B,B,IFPUG 4+,1,Medical & Health Care,Medical and Health Care,not recorded,Enhancement,,,,8,1253,1115,14,18,,,-1,45577
32661,B,A,IFPUG 4+,1,Wholesale & Retail,Billing,Billing,Enhancement,,3GL,C++,80,16306,16306,-1,-1,,,-1,-1
32827,B,B,IFPUG 4+,1,Insurance,Insurance,,Enhancement,,,Mixed,210,1179,1082,7,-1,,Waterfall (incl Linear Processing & SSADM),-1,-1
33050,B,A,IFPUG 4+,1,Communication,Telecommunications,Customer relationship management,Enhancement,,4GL,Amdocs framework,75,1349,1112,2,-1,,Waterfall (incl Linear Processing & SSADM),-1,-1
33349,B,B,IFPUG 4+,1,Insurance,Insurance,,Enhancement,,,Mixed,110,1209,1110,6,-1,,Waterfall (incl Linear Processing & SSADM),-1,-1
33795,B,B,IFPUG 4+,1,Insurance,Insurance,,Enhancement,,,Mixed,74,205,188,2,-1,,Waterfall (incl Linear Processing & SSADM),-1,-1
34060,B,A,IFPUG 4+,1,Communication,Telecommunications,Integration,Enhancement,,3GL,Pro*C,84,408,336,7,-1,,Waterfall (incl Linear Processing & SSADM),-1,-1
34163,B,B,IFPUG 4+,1,Insurance,Insurance,,Enhancement,,3GL,PL/SQL,56,287,264,5,-1,,Waterfall (incl Linear Processing & SSADM),-1,-1
34188,B,B,IFPUG 4+,1,Communication,Telecommunications,Data or database management,Enhancement,,,,74,401,368,4,-1,,Waterfall (incl Linear Processing & SSADM),-1,-1
34715,B,B,IFPUG 4+,1,Insurance,Insurance,,Enhancement,,,Mixed,269,835,767,6,-1,,Waterfall (incl Linear Processing & SSADM),-1,-1
34732,B,B,IFPUG 4+,1,Communication,Telecommunications,Customer billing,Enhancement,,,,210,3485,3200,10,-1,,Waterfall (incl Linear Processing & SSADM),-1,-1
39378,B,A,IFPUG 4+,1,Communication,Telecommunications,Stock control & order processing,Enhancement,,3GL,J2EE,102,1163,958,8,-1,,Waterfall (incl Linear Processing & SSADM),-1,-1
39612,B,A,IFPUG 4+,1,Communication,Telecommunications,Customer billing,Enhancement,,3GL,PL/SQL,57,583,480,6,-1,,Waterfall (incl Linear Processing & SSADM),-1,-1
